sample,rotation,seat,hero,new_ai,rank,archetype,core_pivots,tier,anomaly,trinkets_mode,rounds
100,0,1,rat_king,False,6,诈骗犯扩容海盗,0,6,prudence,True,23
100,0,2,wagtoggle,True,1,空中海盗跳操,9,6,prudence,True,23
100,0,3,kragg,False,3,野兽召唤,0,6,prudence,True,23
100,0,4,gallywix,True,7,诈骗犯扩容海盗,4,5,prudence,True,23
100,0,5,omu,False,5,永久增益龙,0,6,prudence,True,23
100,0,6,guff,True,8,霍格买卖海盗,8,5,prudence,True,23
100,0,7,ragnaros,False,2,法术增益龙,0,6,prudence,True,23
100,0,8,alakir,True,4,受伤成长野兽,13,6,prudence,True,23
100,1,1,rat_king,True,5,空中海盗跳操,6,6,prudence,True,19
100,1,2,wagtoggle,False,4,永恒骑士亡灵,0,6,prudence,True,19
100,1,3,kragg,True,2,空中海盗跳操,11,6,prudence,True,19
100,1,4,gallywix,False,8,全局加攻亡灵,0,5,prudence,True,19
100,1,5,omu,True,7,全局加攻亡灵,1,4,prudence,True,19
100,1,6,guff,False,6,光牙混合,0,5,prudence,True,19
100,1,7,ragnaros,True,1,磁力复制机械,3,6,prudence,True,19
100,1,8,alakir,False,3,光牙混合,0,6,prudence,True,19
101,0,1,nzoth,True,7,跳蛙亡语野兽,3,5,factory_line,False,21
101,0,2,edwin,False,5,受伤成长野兽,0,6,factory_line,False,21
101,0,3,cthun,True,2,特塞斯买卖海盗,8,6,factory_line,False,21
101,0,4,deathwing,False,4,空中海盗跳操,0,6,factory_line,False,21
101,0,5,patchwerk,True,1,宰割复生亡灵,11,6,factory_line,False,21
101,0,6,pyramad,False,3,磁力圣盾机械,0,6,factory_line,False,21
101,0,7,jaraxxus,True,8,跳蛙亡语野兽,3,5,factory_line,False,21
101,0,8,yogg,False,6,野兽召唤,0,5,factory_line,False,21
101,1,1,nzoth,False,3,空中海盗跳操,0,6,factory_line,False,19
101,1,2,edwin,True,6,全局加攻亡灵,6,6,factory_line,False,19
101,1,3,cthun,False,2,回合成长龙,0,6,factory_line,False,19
101,1,4,deathwing,True,4,买卖成长海盗,5,6,factory_line,False,19
101,1,5,patchwerk,False,7,全局加攻亡灵,0,5,factory_line,False,19
101,1,6,pyramad,True,5,空中海盗跳操,5,6,factory_line,False,19
101,1,7,jaraxxus,False,8,买卖成长海盗,0,4,factory_line,False,19
101,1,8,yogg,True,1,跳蛙亡语野兽,10,6,factory_line,False,19
102,0,1,george,False,3,娜拉法术混合,0,6,no_face_no_case,True,16
102,0,2,millificent,True,2,灵活过渡,5,6,no_face_no_case,True,16
102,0,3,kaelthas,False,4,野兽召唤,0,6,no_face_no_case,True,16
102,0,4,deryl,True,8,磁力圣盾机械,4,4,no_face_no_case,True,16
102,0,5,snake_eyes,False,7,永久增益龙,0,5,no_face_no_case,True,16
102,0,6,taethelan,True,1,受伤成长野兽,6,6,no_face_no_case,True,16
102,0,7,hollidae,False,5,特塞斯买卖海盗,0,6,no_face_no_case,True,16
102,0,8,king_laohan,True,6,买卖成长海盗,5,6,no_face_no_case,True,16
102,1,1,george,True,1,跳蛙亡语野兽,12,6,no_face_no_case,True,19
102,1,2,millificent,False,2,回合末磁力机械,0,6,no_face_no_case,True,19
102,1,3,kaelthas,True,3,跳蛙亡语野兽,7,6,no_face_no_case,True,19
102,1,4,deryl,False,7,受伤成长野兽,0,6,no_face_no_case,True,19
102,1,5,snake_eyes,True,6,全局加攻亡灵,6,6,no_face_no_case,True,19
102,1,6,taethelan,False,8,原创法术龙,0,5,no_face_no_case,True,19
102,1,7,hollidae,True,4,伊丽扎攻击海盗,10,6,no_face_no_case,True,19
102,1,8,king_laohan,False,5,霍格买卖海盗,0,6,no_face_no_case,True,19
103,0,1,nozdormu,True,6,空中海盗跳操,7,6,instant_warband,False,21
103,0,2,alexstrasza,False,2,吞食成长恶魔,0,6,instant_warband,False,21
103,0,3,patches,True,8,手牌合唱鱼人,3,5,instant_warband,False,21
103,0,4,lich_king,False,1,受伤成长野兽,0,6,instant_warband,False,21
103,0,5,teron,True,7,获牌成长海盗,2,5,instant_warband,False,21
103,0,6,rat_king,False,5,受伤成长野兽,0,6,instant_warband,False,21
103,0,7,wagtoggle,True,3,跳蛙亡语野兽,14,6,instant_warband,False,21
103,0,8,kragg,False,4,娜拉法术混合,0,6,instant_warband,False,21
103,1,1,nozdormu,False,3,永久增益龙,0,6,instant_warband,False,16
103,1,2,alexstrasza,True,1,自伤成长恶魔,10,6,instant_warband,False,16
103,1,3,patches,False,2,空中海盗跳操,0,6,instant_warband,False,16
103,1,4,lich_king,True,8,灵活过渡,4,5,instant_warband,False,16
103,1,5,teron,False,7,娜拉法术混合,0,6,instant_warband,False,16
103,1,6,rat_king,True,6,跳蛙亡语野兽,2,6,instant_warband,False,16
103,1,7,wagtoggle,False,5,永久增益龙,0,6,instant_warband,False,16
103,1,8,kragg,True,4,全局加攻亡灵,8,6,instant_warband,False,16
104,0,1,gallywix,False,7,永久增益龙,0,5,off,True,15
104,0,2,omu,True,4,宰割复生亡灵,2,6,off,True,15
104,0,3,guff,False,2,手牌培育鱼人,0,6,off,True,15
104,0,4,ragnaros,True,3,伊丽扎攻击海盗,3,6,off,True,15
104,0,5,alakir,False,8,回合成长龙,0,4,off,True,15
104,0,6,nzoth,True,6,诈骗犯扩容海盗,2,5,off,True,15
104,0,7,edwin,False,5,光牙混合,0,5,off,True,15
104,0,8,cthun,True,1,空中海盗跳操,18,6,off,True,15
104,1,1,gallywix,True,7,诈骗犯扩容海盗,2,5,off,True,17
104,1,2,omu,False,8,全局加攻亡灵,0,4,off,True,17
104,1,3,guff,True,1,喷子亡语恶魔,5,6,off,True,17
104,1,4,ragnaros,False,2,霍格买卖海盗,0,6,off,True,17
104,1,5,alakir,True,5,灵活过渡,4,5,off,True,17
104,1,6,nzoth,False,4,回合成长龙,0,6,off,True,17
104,1,7,edwin,True,6,野兽召唤,68,5,off,True,17
104,1,8,cthun,False,3,空中海盗跳操,0,6,off,True,17
105,0,1,deathwing,True,7,跳蛙亡语野兽,7,6,refresh,False,19
105,0,2,patchwerk,False,6,受伤成长野兽,0,6,refresh,False,19
105,0,3,pyramad,True,1,复生永久成长亡灵,6,6,refresh,False,19
105,0,4,jaraxxus,False,4,野兽召唤,0,6,refresh,False,19
105,0,5,yogg,True,5,跳蛙亡语野兽,5,6,refresh,False,19
105,0,6,george,False,8,受伤成长野兽,0,5,refresh,False,19
105,0,7,millificent,True,2,跳蛙亡语野兽,11,6,refresh,False,19
105,0,8,kaelthas,False,3,霍格买卖海盗,0,6,refresh,False,19
105,1,1,deathwing,False,8,永久增益龙,0,5,refresh,False,17
105,1,2,patchwerk,True,4,宰割复生亡灵,9,6,refresh,False,17
105,1,3,pyramad,False,6,空中海盗跳操,0,6,refresh,False,17
105,1,4,jaraxxus,True,7,跳蛙亡语野兽,3,5,refresh,False,17
105,1,5,yogg,False,5,受伤成长野兽,0,6,refresh,False,17
105,1,6,george,True,1,跳蛙亡语野兽,10,6,refresh,False,17
105,1,7,millificent,False,3,空中海盗跳操,0,6,refresh,False,17
105,1,8,kaelthas,True,2,全局加攻亡灵,11,6,refresh,False,17
106,0,1,deryl,False,6,全局加攻亡灵,0,5,crowded,True,16
106,0,2,snake_eyes,True,2,受伤成长野兽,10,6,crowded,True,16
106,0,3,taethelan,False,1,回合末磁力机械,0,6,crowded,True,16
106,0,4,hollidae,True,5,永恒骑士亡灵,7,5,crowded,True,16
106,0,5,king_laohan,False,8,灵活过渡,0,4,crowded,True,16
106,0,6,nozdormu,True,7,全局加攻亡灵,2,4,crowded,True,16
106,0,7,alexstrasza,False,4,永久增益龙,0,6,crowded,True,16
106,0,8,patches,True,3,空中海盗跳操,7,6,crowded,True,16
106,1,1,deryl,True,6,买卖成长海盗,3,6,crowded,True,17
106,1,2,snake_eyes,False,5,受伤成长野兽,0,6,crowded,True,17
106,1,3,taethelan,True,1,宰割复生亡灵,10,6,crowded,True,17
106,1,4,hollidae,False,3,空中海盗跳操,0,6,crowded,True,17
106,1,5,king_laohan,True,7,跳蛙亡语野兽,6,6,crowded,True,17
106,1,6,nozdormu,False,2,受伤成长野兽,0,6,crowded,True,17
106,1,7,alexstrasza,True,4,手牌合唱鱼人,9,6,crowded,True,17
106,1,8,patches,False,8,全局加攻亡灵,0,5,crowded,True,17
107,0,1,lich_king,True,3,复生永久成长亡灵,4,6,seventh_reward,False,14
107,0,2,teron,False,2,娜拉法术混合,0,6,seventh_reward,False,14
107,0,3,rat_king,True,5,跳蛙亡语野兽,3,5,seventh_reward,False,14
107,0,4,wagtoggle,False,4,灵活过渡,0,6,seventh_reward,False,14
107,0,5,kragg,True,6,空中海盗跳操,0,5,seventh_reward,False,14
107,0,6,gallywix,False,1,永恒骑士亡灵,0,6,seventh_reward,False,14
107,0,7,omu,True,7,永久增益龙,1,4,seventh_reward,False,14
107,0,8,guff,False,8,买卖成长海盗,0,3,seventh_reward,False,14
107,1,1,lich_king,False,1,野兽召唤,0,6,seventh_reward,False,12
107,1,2,teron,True,4,灵活过渡,0,5,seventh_reward,False,12
107,1,3,rat_king,False,6,诈骗犯扩容海盗,0,4,seventh_reward,False,12
107,1,4,wagtoggle,True,7,灵活过渡,1,4,seventh_reward,False,12
107,1,5,kragg,False,3,光牙混合,0,5,seventh_reward,False,12
107,1,6,gallywix,True,2,吞食成长恶魔,4,6,seventh_reward,False,12
107,1,7,omu,False,5,灵活过渡,0,4,seventh_reward,False,12
107,1,8,guff,True,8,买卖成长海盗,0,3,seventh_reward,False,12
108,0,1,ragnaros,False,3,灵活过渡,0,7,norgannon,True,18
108,0,2,alakir,True,7,诈骗犯扩容海盗,6,5,norgannon,True,18
108,0,3,nzoth,False,5,受伤成长野兽,0,6,norgannon,True,18
108,0,4,edwin,True,6,全局加攻亡灵,4,5,norgannon,True,18
108,0,5,cthun,False,4,空中海盗跳操,0,6,norgannon,True,18
108,0,6,deathwing,True,1,复生永久成长亡灵,12,7,norgannon,True,18
108,0,7,patchwerk,False,8,光牙混合,0,5,norgannon,True,18
108,0,8,pyramad,True,2,空中海盗跳操,10,7,norgannon,True,18
108,1,1,ragnaros,True,1,磁力复制机械,7,7,norgannon,True,20
108,1,2,alakir,False,6,永久增益龙,0,6,norgannon,True,20
108,1,3,nzoth,True,8,受伤成长野兽,3,5,norgannon,True,20
108,1,4,edwin,False,7,霍格买卖海盗,0,5,norgannon,True,20
108,1,5,cthun,True,2,磁力圣盾机械,6,7,norgannon,True,20
108,1,6,deathwing,False,3,永久增益龙,0,7,norgannon,True,20
108,1,7,patchwerk,True,4,买卖成长海盗,6,6,norgannon,True,20
108,1,8,pyramad,False,5,空中海盗跳操,0,6,norgannon,True,20
109,0,1,jaraxxus,True,8,跳蛙亡语野兽,3,5,might,False,20
109,0,2,yogg,False,3,法术增益龙,0,6,might,False,20
109,0,3,george,True,1,受伤成长野兽,8,6,might,False,20
109,0,4,millificent,False,2,光牙混合,0,6,might,False,20
109,0,5,kaelthas,True,7,买卖成长海盗,1,6,might,False,20
109,0,6,deryl,False,6,娜拉法术混合,0,6,might,False,20
109,0,7,snake_eyes,True,5,空中海盗跳操,7,6,might,False,20
109,0,8,taethelan,False,4,全局加攻亡灵,0,6,might,False,20
109,1,1,jaraxxus,False,8,小瞎眼回合末战吼,0,5,might,False,16
109,1,2,yogg,True,2,诈骗犯扩容海盗,14,6,might,False,16
109,1,3,george,False,1,自伤成长恶魔,0,6,might,False,16
109,1,4,millificent,True,5,空中海盗跳操,5,6,might,False,16
109,1,5,kaelthas,False,6,空中海盗跳操,0,6,might,False,16
109,1,6,deryl,True,7,空中海盗跳操,7,6,might,False,16
109,1,7,snake_eyes,False,4,野兽召唤,0,6,might,False,16
109,1,8,taethelan,True,3,受伤成长野兽,6,6,might,False,16
110,0,1,hollidae,False,2,手牌合唱鱼人,0,6,fortitude,True,15
110,0,2,king_laohan,True,5,获牌成长海盗,11,6,fortitude,True,15
110,0,3,nozdormu,False,6,回合成长龙,0,5,fortitude,True,15
110,0,4,alexstrasza,True,7,灵活过渡,4,5,fortitude,True,15
110,0,5,patches,False,1,空中海盗跳操,0,6,fortitude,True,15
110,0,6,lich_king,True,3,跳蛙亡语野兽,6,6,fortitude,True,15
110,0,7,teron,False,4,吞食成长恶魔,0,6,fortitude,True,15
110,0,8,rat_king,True,8,买卖成长海盗,3,5,fortitude,True,15
110,1,1,hollidae,True,5,跳蛙亡语野兽,5,6,fortitude,True,18
110,1,2,king_laohan,False,2,法术增益龙,0,6,fortitude,True,18
110,1,3,nozdormu,True,3,跳蛙亡语野兽,7,6,fortitude,True,18
110,1,4,alexstrasza,False,8,喷子亡语恶魔,0,3,fortitude,True,18
110,1,5,patches,True,7,买卖成长海盗,1,5,fortitude,True,18
110,1,6,lich_king,False,1,自伤成长恶魔,0,6,fortitude,True,18
110,1,7,teron,True,6,灵活过渡,1,5,fortitude,True,18
110,1,8,rat_king,False,4,永久增益龙,0,6,fortitude,True,18
111,0,1,wagtoggle,True,3,全局加攻亡灵,11,6,grapnel,False,17
111,0,2,kragg,False,6,灵活过渡,0,5,grapnel,False,17
111,0,3,gallywix,True,8,空中海盗跳操,5,4,grapnel,False,17
111,0,4,omu,False,4,受伤成长野兽,0,6,grapnel,False,17
111,0,5,guff,True,7,诈骗犯扩容海盗,8,5,grapnel,False,17
111,0,6,ragnaros,False,2,特塞斯买卖海盗,0,6,grapnel,False,17
111,0,7,alakir,True,1,吞食成长恶魔,16,6,grapnel,False,17
111,0,8,nzoth,False,5,受伤成长野兽,0,6,grapnel,False,17
111,1,1,wagtoggle,False,4,霍格买卖海盗,0,6,grapnel,False,19
111,1,2,kragg,True,1,空中海盗跳操,15,6,grapnel,False,19
111,1,3,gallywix,False,6,手牌合唱鱼人,0,5,grapnel,False,19
111,1,4,omu,True,5,跳蛙亡语野兽,8,5,grapnel,False,19
111,1,5,guff,False,3,永久增益龙,0,6,grapnel,False,19
111,1,6,ragnaros,True,2,吞食成长恶魔,12,6,grapnel,False,19
111,1,7,alakir,False,7,买卖成长海盗,0,5,grapnel,False,19
111,1,8,nzoth,True,8,野兽召唤,1,5,grapnel,False,19
112,0,1,edwin,False,7,手牌培育鱼人,0,6,double_header,True,18
112,0,2,cthun,True,2,手牌合唱鱼人,8,6,double_header,True,18
112,0,3,deathwing,False,5,野兽召唤,0,6,double_header,True,18
112,0,4,patchwerk,True,6,跳蛙亡语野兽,10,6,double_header,True,18
112,0,5,pyramad,False,8,永久增益龙,0,5,double_header,True,18
112,0,6,jaraxxus,True,3,磁力圣盾机械,1,6,double_header,True,18
112,0,7,yogg,False,4,永久增益龙,0,6,double_header,True,18
112,0,8,george,True,1,空中海盗跳操,12,6,double_header,True,18
112,1,1,edwin,True,5,跳蛙亡语野兽,7,6,double_header,True,17
112,1,2,cthun,False,4,空中海盗跳操,0,6,double_header,True,17
112,1,3,deathwing,True,3,手牌培育鱼人,3,6,double_header,True,17
112,1,4,patchwerk,False,8,全局加攻亡灵,0,4,double_header,True,17
112,1,5,pyramad,True,2,全局加攻亡灵,9,6,double_header,True,17
112,1,6,jaraxxus,False,7,永久增益龙,0,5,double_header,True,17
112,1,7,yogg,True,6,买卖成长海盗,8,5,double_header,True,17
112,1,8,george,False,1,永久增益龙,0,6,double_header,True,17
113,0,1,millificent,True,5,伊丽扎攻击海盗,5,6,prudence,False,19
113,0,2,kaelthas,False,3,磁力复制机械,0,6,prudence,False,19
113,0,3,deryl,True,6,灵活过渡,6,6,prudence,False,19
113,0,4,snake_eyes,False,4,空中海盗跳操,0,6,prudence,False,19
113,0,5,taethelan,True,2,小瞎眼回合末战吼,7,6,prudence,False,19
113,0,6,hollidae,False,1,空中海盗跳操,0,6,prudence,False,19
113,0,7,king_laohan,True,8,买卖成长海盗,0,4,prudence,False,19
113,0,8,nozdormu,False,7,吞食成长恶魔,0,6,prudence,False,19
113,1,1,millificent,False,6,永久增益龙,0,5,prudence,False,14
113,1,2,kaelthas,True,5,永久增益龙,0,6,prudence,False,14
113,1,3,deryl,False,7,获牌成长海盗,0,5,prudence,False,14
113,1,4,snake_eyes,True,2,跳蛙亡语野兽,4,6,prudence,False,14
113,1,5,taethelan,False,1,吞食成长恶魔,0,6,prudence,False,14
113,1,6,hollidae,True,3,霍格买卖海盗,5,6,prudence,False,14
113,1,7,king_laohan,False,8,全局加攻亡灵,0,5,prudence,False,14
113,1,8,nozdormu,True,4,手牌合唱鱼人,4,6,prudence,False,14
114,0,1,alexstrasza,False,3,空中海盗跳操,0,6,factory_line,True,18
114,0,2,patches,True,8,获牌成长海盗,0,4,factory_line,True,18
114,0,3,lich_king,False,4,受伤成长野兽,0,6,factory_line,True,18
114,0,4,teron,True,6,跳蛙亡语野兽,3,6,factory_line,True,18
114,0,5,rat_king,False,5,野兽召唤,0,6,factory_line,True,18
114,0,6,wagtoggle,True,1,空中海盗跳操,8,6,factory_line,True,18
114,0,7,kragg,False,7,吞食成长恶魔,0,5,factory_line,True,18
114,0,8,gallywix,True,2,跳蛙亡语野兽,11,6,factory_line,True,18
114,1,1,alexstrasza,True,6,灵活过渡,8,6,factory_line,True,17
114,1,2,patches,False,5,空中海盗跳操,0,6,factory_line,True,17
114,1,3,lich_king,True,2,空中海盗跳操,11,6,factory_line,True,17
114,1,4,teron,False,8,复生永久成长亡灵,0,5,factory_line,True,17
114,1,5,rat_king,True,1,跳蛙亡语野兽,18,6,factory_line,True,17
114,1,6,wagtoggle,False,3,吞食成长恶魔,0,6,factory_line,True,17
114,1,7,kragg,True,7,霍格买卖海盗,4,5,factory_line,True,17
114,1,8,gallywix,False,4,全局加攻亡灵,0,6,factory_line,True,17
115,0,1,omu,True,8,自伤成长恶魔,2,5,no_face_no_case,False,21
115,0,2,guff,False,6,霍格买卖海盗,0,5,no_face_no_case,False,21
115,0,3,ragnaros,True,2,全局加攻亡灵,9,6,no_face_no_case,False,21
115,0,4,alakir,False,4,全局加攻亡灵,0,6,no_face_no_case,False,21
115,0,5,nzoth,True,5,手牌合唱鱼人,3,6,no_face_no_case,False,21
115,0,6,edwin,False,7,永久增益龙,0,5,no_face_no_case,False,21
115,0,7,cthun,True,1,伊丽扎攻击海盗,14,6,no_face_no_case,False,21
115,0,8,deathwing,False,3,吞食成长恶魔,0,6,no_face_no_case,False,21
115,1,1,omu,False,7,原创法术龙,0,5,no_face_no_case,False,18
115,1,2,guff,True,8,跳蛙亡语野兽,3,5,no_face_no_case,False,18
115,1,3,ragnaros,False,2,受伤成长野兽,0,6,no_face_no_case,False,18
115,1,4,alakir,True,4,吞食成长恶魔,2,6,no_face_no_case,False,18
115,1,5,nzoth,False,5,光牙混合,0,6,no_face_no_case,False,18
115,1,6,edwin,True,6,跳蛙亡语野兽,6,5,no_face_no_case,False,18
115,1,7,cthun,False,1,法术增益龙,0,6,no_face_no_case,False,18
115,1,8,deathwing,True,3,回合末磁力机械,3,6,no_face_no_case,False,18
116,0,1,patchwerk,False,5,受伤成长野兽,0,6,instant_warband,True,19
116,0,2,pyramad,True,6,获牌成长海盗,6,5,instant_warband,True,19
116,0,3,jaraxxus,False,8,自伤成长恶魔,0,5,instant_warband,True,19
116,0,4,yogg,True,1,灵活过渡,14,6,instant_warband,True,19
116,0,5,george,False,4,娜拉法术混合,0,6,instant_warband,True,19
116,0,6,millificent,True,2,空中海盗跳操,5,6,instant_warband,True,19
116,0,7,kaelthas,False,3,永久增益龙,0,6,instant_warband,True,19
116,0,8,deryl,True,7,空中海盗跳操,7,5,instant_warband,True,19
116,1,1,patchwerk,True,1,受伤成长野兽,13,6,instant_warband,True,18
116,1,2,pyramad,False,7,手牌培育鱼人,0,5,instant_warband,True,18
116,1,3,jaraxxus,True,5,伊丽扎攻击海盗,2,6,instant_warband,True,18
116,1,4,yogg,False,2,全局加攻亡灵,0,6,instant_warband,True,18
116,1,5,george,True,3,买卖成长海盗,8,6,instant_warband,True,18
116,1,6,millificent,False,6,空中海盗跳操,0,5,instant_warband,True,18
116,1,7,kaelthas,True,4,手牌合唱鱼人,6,6,instant_warband,True,18
116,1,8,deryl,False,8,空中海盗跳操,0,5,instant_warband,True,18
117,0,1,snake_eyes,True,6,伊丽扎攻击海盗,5,5,off,False,17
117,0,2,taethelan,False,2,受伤成长野兽,0,6,off,False,17
117,0,3,hollidae,True,1,复生永久成长亡灵,6,6,off,False,17
117,0,4,king_laohan,False,8,野兽召唤,0,5,off,False,17
117,0,5,nozdormu,True,4,自伤成长恶魔,4,6,off,False,17
117,0,6,alexstrasza,False,3,永久增益龙,0,6,off,False,17
117,0,7,patches,True,5,空中海盗跳操,4,5,off,False,17
117,0,8,lich_king,False,7,买卖成长海盗,0,5,off,False,17
117,1,1,snake_eyes,False,4,永久增益龙,0,6,off,False,14
117,1,2,taethelan,True,5,诈骗犯扩容海盗,2,6,off,False,14
117,1,3,hollidae,False,3,手牌合唱鱼人,0,6,off,False,14
117,1,4,king_laohan,True,2,自伤成长恶魔,5,6,off,False,14
117,1,5,nozdormu,False,7,跳蛙亡语野兽,0,5,off,False,14
117,1,6,alexstrasza,True,1,小瞎眼回合末战吼,9,6,off,False,14
117,1,7,patches,False,8,获牌成长海盗,0,5,off,False,14
117,1,8,lich_king,True,6,空中海盗跳操,4,5,off,False,14
118,0,1,teron,False,8,诈骗犯扩容海盗,0,4,refresh,True,16
118,0,2,rat_king,True,2,受伤成长野兽,6,6,refresh,True,16
118,0,3,wagtoggle,False,6,永久增益龙,0,6,refresh,True,16
118,0,4,kragg,True,4,灵活过渡,3,6,refresh,True,16
118,0,5,gallywix,False,5,空中海盗跳操,0,6,refresh,True,16
118,0,6,omu,True,3,受伤成长野兽,12,6,refresh,True,16
118,0,7,guff,False,7,空中海盗跳操,0,4,refresh,True,16
118,0,8,ragnaros,True,1,跳蛙亡语野兽,8,6,refresh,True,16
118,1,1,teron,True,7,全局加攻亡灵,5,5,refresh,True,21
118,1,2,rat_king,False,5,受伤成长野兽,0,6,refresh,True,21
118,1,3,wagtoggle,True,6,空中海盗跳操,6,5,refresh,True,21
118,1,4,kragg,False,3,宰割复生亡灵,0,6,refresh,True,21
118,1,5,gallywix,True,8,跳蛙亡语野兽,2,4,refresh,True,21
118,1,6,omu,False,1,永久增益龙,0,6,refresh,True,21
118,1,7,guff,True,4,空中海盗跳操,9,6,refresh,True,21
118,1,8,ragnaros,False,2,手牌合唱鱼人,0,6,refresh,True,21
119,0,1,alakir,True,2,全局加攻亡灵,4,6,crowded,False,17
119,0,2,nzoth,False,3,受伤成长野兽,0,6,crowded,False,17
119,0,3,edwin,True,6,全局加攻亡灵,6,6,crowded,False,17
119,0,4,cthun,False,1,伊丽扎攻击海盗,0,6,crowded,False,17
119,0,5,deathwing,True,5,跳蛙亡语野兽,11,6,crowded,False,17
119,0,6,patchwerk,False,8,全局加攻亡灵,0,5,crowded,False,17
119,0,7,pyramad,True,7,跳蛙亡语野兽,8,6,crowded,False,17
119,0,8,jaraxxus,False,4,自伤成长恶魔,0,6,crowded,False,17
119,1,1,alakir,False,2,空中海盗跳操,0,6,crowded,False,17
119,1,2,nzoth,True,7,诈骗犯扩容海盗,5,5,crowded,False,17
119,1,3,edwin,False,6,跳蛙亡语野兽,0,5,crowded,False,17
119,1,4,cthun,True,1,空中海盗跳操,9,6,crowded,False,17
119,1,5,deathwing,False,4,全局加攻亡灵,0,6,crowded,False,17
119,1,6,patchwerk,True,5,手牌合唱鱼人,7,6,crowded,False,17
119,1,7,pyramad,False,8,空中海盗跳操,0,5,crowded,False,17
119,1,8,jaraxxus,True,3,跳蛙亡语野兽,8,6,crowded,False,17
120,0,1,yogg,False,3,手牌合唱鱼人,0,6,seventh_reward,True,16
120,0,2,george,True,7,野兽召唤,4,4,seventh_reward,True,16
120,0,3,millificent,False,6,灵活过渡,0,5,seventh_reward,True,16
120,0,4,kaelthas,True,2,空中海盗跳操,11,6,seventh_reward,True,16
120,0,5,deryl,False,8,全局加攻亡灵,0,4,seventh_reward,True,16
120,0,6,snake_eyes,True,5,跳蛙亡语野兽,3,5,seventh_reward,True,16
120,0,7,taethelan,False,4,全局加攻亡灵,0,5,seventh_reward,True,16
120,0,8,hollidae,True,1,跳蛙亡语野兽,6,6,seventh_reward,True,16
120,1,1,yogg,True,1,跳蛙亡语野兽,9,6,seventh_reward,True,20
120,1,2,george,False,7,灵活过渡,0,4,seventh_reward,True,20
120,1,3,millificent,True,4,复生永久成长亡灵,5,5,seventh_reward,True,20
120,1,4,kaelthas,False,3,伊丽扎攻击海盗,0,6,seventh_reward,True,20
120,1,5,deryl,True,6,灵活过渡,1,4,seventh_reward,True,20
120,1,6,snake_eyes,False,2,手牌合唱鱼人,0,6,seventh_reward,True,20
120,1,7,taethelan,True,8,灵活过渡,0,3,seventh_reward,True,20
120,1,8,hollidae,False,5,自伤成长恶魔,0,4,seventh_reward,True,20
121,0,1,king_laohan,True,6,手牌合唱鱼人,1,6,norgannon,False,18
121,0,2,nozdormu,False,1,吞食成长恶魔,0,7,norgannon,False,18
121,0,3,alexstrasza,True,5,受伤成长野兽,5,7,norgannon,False,18
121,0,4,patches,False,7,霍格买卖海盗,0,5,norgannon,False,18
121,0,5,lich_king,True,2,宰割复生亡灵,6,7,norgannon,False,18
121,0,6,teron,False,8,全局加攻亡灵,0,5,norgannon,False,18
121,0,7,rat_king,True,4,全局加攻亡灵,6,7,norgannon,False,18
121,0,8,wagtoggle,False,3,空中海盗跳操,0,7,norgannon,False,18
121,1,1,king_laohan,False,6,永久增益龙,0,5,norgannon,False,17
121,1,2,nozdormu,True,1,手牌培育鱼人,9,7,norgannon,False,17
121,1,3,alexstrasza,False,4,受伤成长野兽,0,6,norgannon,False,17
121,1,4,patches,True,7,灵活过渡,1,5,norgannon,False,17
121,1,5,lich_king,False,8,自伤成长恶魔,0,5,norgannon,False,17
121,1,6,teron,True,5,空中海盗跳操,6,6,norgannon,False,17
121,1,7,rat_king,False,3,永久增益龙,0,6,norgannon,False,17
121,1,8,wagtoggle,True,2,空中海盗跳操,9,7,norgannon,False,17
122,0,1,kragg,False,4,永久增益龙,0,6,might,True,20
122,0,2,gallywix,True,6,野兽召唤,4,5,might,True,20
122,0,3,omu,False,3,霍格买卖海盗,0,6,might,True,20
122,0,4,guff,True,1,回合末磁力机械,3,6,might,True,20
122,0,5,ragnaros,False,2,空中海盗跳操,0,6,might,True,20
122,0,6,alakir,True,7,跳蛙亡语野兽,2,5,might,True,20
122,0,7,nzoth,False,5,受伤成长野兽,0,6,might,True,20
122,0,8,edwin,True,8,永久增益龙,5,5,might,True,20
122,1,1,kragg,True,6,跳蛙亡语野兽,2,5,might,True,14
122,1,2,gallywix,False,8,光牙混合,0,5,might,True,14
122,1,3,omu,True,2,空中海盗跳操,7,6,might,True,14
122,1,4,guff,False,5,空中海盗跳操,0,5,might,True,14
122,1,5,ragnaros,True,1,灵活过渡,4,6,might,True,14
122,1,6,alakir,False,3,受伤成长野兽,0,6,might,True,14
122,1,7,nzoth,True,7,磁力圣盾机械,1,5,might,True,14
122,1,8,edwin,False,4,诈骗犯扩容海盗,0,6,might,True,14
123,0,1,cthun,True,2,买卖成长海盗,9,6,fortitude,False,19
123,0,2,deathwing,False,1,手牌合唱鱼人,0,6,fortitude,False,19
123,0,3,patchwerk,True,4,永恒骑士亡灵,5,6,fortitude,False,19
123,0,4,pyramad,False,5,特塞斯买卖海盗,0,6,fortitude,False,19
123,0,5,jaraxxus,True,3,空中海盗跳操,7,6,fortitude,False,19
123,0,6,yogg,False,6,全局加攻亡灵,0,6,fortitude,False,19
123,0,7,george,True,8,灵活过渡,1,4,fortitude,False,19
123,0,8,millificent,False,7,吞食成长恶魔,0,6,fortitude,False,19
123,1,1,cthun,False,3,原创法术龙,0,6,fortitude,False,18
123,1,2,deathwing,True,5,空中海盗跳操,8,6,fortitude,False,18
123,1,3,patchwerk,False,4,空中海盗跳操,0,6,fortitude,False,18
123,1,4,pyramad,True,6,买卖成长海盗,7,6,fortitude,False,18
123,1,5,jaraxxus,False,1,受伤成长野兽,0,6,fortitude,False,18
123,1,6,yogg,True,8,跳蛙亡语野兽,3,5,fortitude,False,18
123,1,7,george,False,7,永久增益龙,0,5,fortitude,False,18
123,1,8,millificent,True,2,伊丽扎攻击海盗,12,6,fortitude,False,18
124,0,1,kaelthas,False,2,吞食成长恶魔,0,6,grapnel,True,24
124,0,2,deryl,True,7,手牌合唱鱼人,3,4,grapnel,True,24
124,0,3,snake_eyes,False,1,原创法术龙,0,6,grapnel,True,24
124,0,4,taethelan,True,8,空中海盗跳操,3,4,grapnel,True,24
124,0,5,hollidae,False,3,光牙混合,0,6,grapnel,True,24
124,0,6,king_laohan,True,4,受伤成长野兽,8,5,grapnel,True,24
124,0,7,nozdormu,False,5,空中海盗跳操,0,5,grapnel,True,24
124,0,8,alexstrasza,True,6,手牌培育鱼人,4,5,grapnel,True,24
124,1,1,kaelthas,True,1,空中海盗跳操,13,6,grapnel,True,17
124,1,2,deryl,False,4,受伤成长野兽,0,6,grapnel,True,17
124,1,3,snake_eyes,True,2,复生永久成长亡灵,8,6,grapnel,True,17
124,1,4,taethelan,False,7,原创法术龙,0,5,grapnel,True,17
124,1,5,hollidae,True,6,手牌培育鱼人,3,5,grapnel,True,17
124,1,6,king_laohan,False,5,特塞斯买卖海盗,0,6,grapnel,True,17
124,1,7,nozdormu,True,8,买卖成长海盗,3,4,grapnel,True,17
124,1,8,alexstrasza,False,3,法术增益龙,0,6,grapnel,True,17
125,0,1,patches,True,7,获牌成长海盗,6,6,double_header,False,20
125,0,2,lich_king,False,1,永恒骑士亡灵,0,6,double_header,False,20
125,0,3,teron,True,6,喷子亡语恶魔,6,6,double_header,False,20
125,0,4,rat_king,False,5,永久增益龙,0,6,double_header,False,20
125,0,5,wagtoggle,True,2,野兽召唤,11,6,double_header,False,20
125,0,6,kragg,False,4,永久增益龙,0,6,double_header,False,20
125,0,7,gallywix,True,3,跳蛙亡语野兽,8,6,double_header,False,20
125,0,8,omu,False,8,诈骗犯扩容海盗,0,5,double_header,False,20
125,1,1,patches,False,6,空中海盗跳操,0,5,double_header,False,18
125,1,2,lich_king,True,1,宰割复生亡灵,6,6,double_header,False,18
125,1,3,teron,False,7,跳蛙亡语野兽,0,5,double_header,False,18
125,1,4,rat_king,True,2,全局加攻亡灵,9,6,double_header,False,18
125,1,5,wagtoggle,False,3,吞食成长恶魔,0,6,double_header,False,18
125,1,6,kragg,True,5,跳蛙亡语野兽,2,5,double_header,False,18
125,1,7,gallywix,False,4,受伤成长野兽,0,6,double_header,False,18
125,1,8,omu,True,8,买卖成长海盗,11,4,double_header,False,18
126,0,1,guff,False,4,永久增益龙,0,6,prudence,True,21
126,0,2,ragnaros,True,3,空中海盗跳操,3,6,prudence,True,21
126,0,3,alakir,False,2,空中海盗跳操,0,6,prudence,True,21
126,0,4,nzoth,True,8,空中海盗跳操,2,4,prudence,True,21
126,0,5,edwin,False,6,回合成长龙,0,5,prudence,True,21
126,0,6,cthun,True,1,跳蛙亡语野兽,10,6,prudence,True,21
126,0,7,deathwing,False,5,受伤成长野兽,0,6,prudence,True,21
126,0,8,patchwerk,True,7,全局加攻亡灵,4,5,prudence,True,21
126,1,1,guff,True,1,复生永久成长亡灵,9,6,prudence,True,17
126,1,2,ragnaros,False,4,受伤成长野兽,0,6,prudence,True,17
126,1,3,alakir,True,5,灵活过渡,4,5,prudence,True,17
126,1,4,nzoth,False,7,光牙混合,0,5,prudence,True,17
126,1,5,edwin,True,8,买卖成长海盗,0,4,prudence,True,17
126,1,6,cthun,False,2,法术增益龙,0,6,prudence,True,17
126,1,7,deathwing,True,3,手牌合唱鱼人,3,6,prudence,True,17
126,1,8,patchwerk,False,6,空中海盗跳操,0,5,prudence,True,17
127,0,1,pyramad,True,2,跳蛙亡语野兽,10,6,factory_line,False,20
127,0,2,jaraxxus,False,4,永久增益龙,0,6,factory_line,False,20
127,0,3,yogg,True,5,跳蛙亡语野兽,7,6,factory_line,False,20
127,0,4,george,False,6,野兽召唤,0,5,factory_line,False,20
127,0,5,millificent,True,1,宰割复生亡灵,11,6,factory_line,False,20
127,0,6,kaelthas,False,7,空中海盗跳操,0,5,factory_line,False,20
127,0,7,deryl,True,8,跳蛙亡语野兽,3,5,factory_line,False,20
127,0,8,snake_eyes,False,3,磁力复制机械,0,6,factory_line,False,20
127,1,1,pyramad,False,2,受伤成长野兽,0,6,factory_line,False,18
127,1,2,jaraxxus,True,4,野兽召唤,12,6,factory_line,False,18
127,1,3,yogg,False,8,全局加攻亡灵,0,5,factory_line,False,18
127,1,4,george,True,3,空中海盗跳操,7,6,factory_line,False,18
127,1,5,millificent,False,7,受伤成长野兽,0,5,factory_line,False,18
127,1,6,kaelthas,True,6,跳蛙亡语野兽,3,6,factory_line,False,18
127,1,7,deryl,False,5,永久增益龙,0,6,factory_line,False,18
127,1,8,snake_eyes,True,1,伊丽扎攻击海盗,10,6,factory_line,False,18
128,0,1,taethelan,False,8,原创法术龙,0,5,no_face_no_case,True,17
128,0,2,hollidae,True,5,空中海盗跳操,1,6,no_face_no_case,True,17
128,0,3,king_laohan,False,1,磁力圣盾机械,0,6,no_face_no_case,True,17
128,0,4,nozdormu,True,4,空中海盗跳操,4,6,no_face_no_case,True,17
128,0,5,alexstrasza,False,2,野兽召唤,0,6,no_face_no_case,True,17
128,0,6,patches,True,7,获牌成长海盗,0,5,no_face_no_case,True,17
128,0,7,lich_king,False,6,获牌成长海盗,0,6,no_face_no_case,True,17
128,0,8,teron,True,3,自伤成长恶魔,4,6,no_face_no_case,True,17
128,1,1,taethelan,True,2,灵活过渡,10,6,no_face_no_case,True,17
128,1,2,hollidae,False,4,霍格买卖海盗,0,6,no_face_no_case,True,17
128,1,3,king_laohan,True,5,全局加攻亡灵,4,6,no_face_no_case,True,17
128,1,4,nozdormu,False,7,空中海盗跳操,0,5,no_face_no_case,True,17
128,1,5,alexstrasza,True,3,跳蛙亡语野兽,10,6,no_face_no_case,True,17
128,1,6,patches,False,8,买卖成长海盗,0,4,no_face_no_case,True,17
128,1,7,lich_king,True,1,空中海盗跳操,9,6,no_face_no_case,True,17
128,1,8,teron,False,6,全局加攻亡灵,0,5,no_face_no_case,True,17
129,0,1,rat_king,True,7,手牌合唱鱼人,3,5,instant_warband,False,18
129,0,2,wagtoggle,False,5,买卖成长海盗,0,6,instant_warband,False,18
129,0,3,kragg,True,2,跳蛙亡语野兽,1,6,instant_warband,False,18
129,0,4,gallywix,False,6,回合成长龙,0,6,instant_warband,False,18
129,0,5,omu,True,3,空中海盗跳操,6,6,instant_warband,False,18
129,0,6,guff,False,8,自伤成长恶魔,0,4,instant_warband,False,18
129,0,7,ragnaros,True,1,空中海盗跳操,8,6,instant_warband,False,18
129,0,8,alakir,False,4,跳蛙亡语野兽,0,6,instant_warband,False,18
129,1,1,rat_king,False,3,回合成长龙,0,6,instant_warband,False,15
129,1,2,wagtoggle,True,2,空中海盗跳操,11,6,instant_warband,False,15
129,1,3,kragg,False,8,手牌合唱鱼人,0,4,instant_warband,False,15
129,1,4,gallywix,True,4,跳蛙亡语野兽,10,6,instant_warband,False,15
129,1,5,omu,False,5,买卖成长海盗,0,5,instant_warband,False,15
129,1,6,guff,True,7,跳蛙亡语野兽,3,4,instant_warband,False,15
129,1,7,ragnaros,False,1,宰割复生亡灵,0,6,instant_warband,False,15
129,1,8,alakir,True,6,受伤成长野兽,4,5,instant_warband,False,15
130,0,1,nzoth,False,8,诈骗犯扩容海盗,0,4,off,True,21
130,0,2,edwin,True,6,跳蛙亡语野兽,7,6,off,True,21
130,0,3,cthun,False,4,受伤成长野兽,0,6,off,True,21
130,0,4,deathwing,True,5,全局加攻亡灵,4,6,off,True,21
130,0,5,patchwerk,False,2,野兽召唤,0,6,off,True,21
130,0,6,pyramad,True,7,灵活过渡,1,6,off,True,21
130,0,7,jaraxxus,False,3,永久增益龙,0,6,off,True,21
130,0,8,yogg,True,1,受伤成长野兽,9,6,off,True,21
130,1,1,nzoth,True,5,跳蛙亡语野兽,8,6,off,True,19
130,1,2,edwin,False,6,永久增益龙,0,6,off,True,19
130,1,3,cthun,True,3,受伤成长野兽,7,6,off,True,19
130,1,4,deathwing,False,4,吞食成长恶魔,0,6,off,True,19
130,1,5,patchwerk,True,1,全局加攻亡灵,4,6,off,True,19
130,1,6,pyramad,False,7,永久增益龙,0,5,off,True,19
130,1,7,jaraxxus,True,2,跳蛙亡语野兽,11,6,off,True,19
130,1,8,yogg,False,8,娜拉法术混合,0,5,off,True,19
131,0,1,george,True,6,跳蛙亡语野兽,2,6,refresh,False,20
131,0,2,millificent,False,1,手牌培育鱼人,0,6,refresh,False,20
131,0,3,kaelthas,True,5,全局加攻亡灵,3,6,refresh,False,20
131,0,4,deryl,False,4,娜拉法术混合,0,6,refresh,False,20
131,0,5,snake_eyes,True,3,空中海盗跳操,5,6,refresh,False,20
131,0,6,taethelan,False,2,受伤成长野兽,0,6,refresh,False,20
131,0,7,hollidae,True,8,空中海盗跳操,2,5,refresh,False,20
131,0,8,king_laohan,False,7,手牌合唱鱼人,0,5,refresh,False,20
131,1,1,george,False,8,野兽召唤,0,5,refresh,False,16
131,1,2,millificent,True,2,受伤成长野兽,8,6,refresh,False,16
131,1,3,kaelthas,False,5,小瞎眼回合末战吼,0,6,refresh,False,16
131,1,4,deryl,True,7,跳蛙亡语野兽,4,5,refresh,False,16
131,1,5,snake_eyes,False,6,霍格买卖海盗,0,6,refresh,False,16
131,1,6,taethelan,True,1,受伤成长野兽,10,6,refresh,False,16
131,1,7,hollidae,False,3,光牙混合,0,6,refresh,False,16
131,1,8,king_laohan,True,4,磁力圣盾机械,5,6,refresh,False,16
132,0,1,nozdormu,False,6,空中海盗跳操,0,5,crowded,True,18
132,0,2,alexstrasza,True,7,卡雷战吼龙,5,5,crowded,True,18
132,0,3,patches,False,8,全局加攻亡灵,0,4,crowded,True,18
132,0,4,lich_king,True,2,喷子亡语恶魔,6,6,crowded,True,18
132,0,5,teron,False,1,自伤成长恶魔,0,6,crowded,True,18
132,0,6,rat_king,True,3,跳蛙亡语野兽,8,6,crowded,True,18
132,0,7,wagtoggle,False,5,宰割复生亡灵,0,6,crowded,True,18
132,0,8,kragg,True,4,空中海盗跳操,3,6,crowded,True,18
132,1,1,nozdormu,True,3,全局加攻亡灵,3,6,crowded,True,17
132,1,2,alexstrasza,False,4,受伤成长野兽,0,6,crowded,True,17
132,1,3,patches,True,7,空中海盗跳操,2,5,crowded,True,17
132,1,4,lich_king,False,1,特塞斯买卖海盗,0,6,crowded,True,17
132,1,5,teron,True,8,自伤成长恶魔,4,4,crowded,True,17
132,1,6,rat_king,False,6,空中海盗跳操,0,5,crowded,True,17
132,1,7,wagtoggle,True,5,霍格买卖海盗,10,6,crowded,True,17
132,1,8,kragg,False,2,受伤成长野兽,0,6,crowded,True,17
133,0,1,gallywix,True,8,自伤成长恶魔,2,4,seventh_reward,False,15
133,0,2,omu,False,7,永久增益龙,0,5,seventh_reward,False,15
133,0,3,guff,True,3,跳蛙亡语野兽,6,6,seventh_reward,False,15
133,0,4,ragnaros,False,6,灵活过渡,0,5,seventh_reward,False,15
133,0,5,alakir,True,2,回合末磁力机械,2,6,seventh_reward,False,15
133,0,6,nzoth,False,1,手牌培育鱼人,0,6,seventh_reward,False,15
133,0,7,edwin,True,5,受伤成长野兽,6,5,seventh_reward,False,15
133,0,8,cthun,False,4,永久增益龙,0,6,seventh_reward,False,15
133,1,1,gallywix,False,7,永久增益龙,0,4,seventh_reward,False,14
133,1,2,omu,True,8,回合成长龙,1,3,seventh_reward,False,14
133,1,3,guff,False,5,获牌成长海盗,0,5,seventh_reward,False,14
133,1,4,ragnaros,True,2,手牌合唱鱼人,0,6,seventh_reward,False,14
133,1,5,alakir,False,3,自伤成长恶魔,0,6,seventh_reward,False,14
133,1,6,nzoth,True,6,跳蛙亡语野兽,1,4,seventh_reward,False,14
133,1,7,edwin,False,1,野兽召唤,0,6,seventh_reward,False,14
133,1,8,cthun,True,4,灵活过渡,3,5,seventh_reward,False,14
134,0,1,deathwing,False,3,野兽召唤,0,7,norgannon,True,18
134,0,2,patchwerk,True,6,全局加攻亡灵,7,6,norgannon,True,18
134,0,3,pyramad,False,8,霍格买卖海盗,0,5,norgannon,True,18
134,0,4,jaraxxus,True,5,空中海盗跳操,2,6,norgannon,True,18
134,0,5,yogg,False,2,永恒骑士亡灵,0,7,norgannon,True,18
134,0,6,george,True,1,跳蛙亡语野兽,11,7,norgannon,True,18
134,0,7,millificent,False,4,娜拉法术混合,0,6,norgannon,True,18
134,0,8,kaelthas,True,7,空中海盗跳操,6,5,norgannon,True,18
134,1,1,deathwing,True,2,获牌成长海盗,5,7,norgannon,True,20
134,1,2,patchwerk,False,3,受伤成长野兽,0,7,norgannon,True,20
134,1,3,pyramad,True,7,跳蛙亡语野兽,2,5,norgannon,True,20
134,1,4,jaraxxus,False,4,娜拉法术混合,0,7,norgannon,True,20
134,1,5,yogg,True,6,诈骗犯扩容海盗,6,6,norgannon,True,20
134,1,6,george,False,5,跳蛙亡语野兽,0,6,norgannon,True,20
134,1,7,millificent,True,8,回合成长龙,3,5,norgannon,True,20
134,1,8,kaelthas,False,1,吞食成长恶魔,0,7,norgannon,True,20
135,0,1,deryl,True,5,霍格买卖海盗,6,6,might,False,18
135,0,2,snake_eyes,False,3,回合成长龙,0,6,might,False,18
135,0,3,taethelan,True,7,买卖成长海盗,9,6,might,False,18
135,0,4,hollidae,False,1,法术增益龙,0,6,might,False,18
135,0,5,king_laohan,True,6,买卖成长海盗,0,6,might,False,18
135,0,6,nozdormu,False,2,吞食成长恶魔,0,6,might,False,18
135,0,7,alexstrasza,True,4,全局加攻亡灵,6,6,might,False,18
135,0,8,patches,False,8,霍格买卖海盗,0,5,might,False,18
135,1,1,deryl,False,6,小瞎眼回合末战吼,0,6,might,False,16
135,1,2,snake_eyes,True,5,受伤成长野兽,10,6,might,False,16
135,1,3,taethelan,False,7,空中海盗跳操,0,6,might,False,16
135,1,4,hollidae,True,1,空中海盗跳操,8,6,might,False,16
135,1,5,king_laohan,False,4,空中海盗跳操,0,6,might,False,16
135,1,6,nozdormu,True,3,吞食成长恶魔,3,6,might,False,16
135,1,7,alexstrasza,False,2,霍格买卖海盗,0,6,might,False,16
135,1,8,patches,True,8,空中海盗跳操,2,6,might,False,16
136,0,1,lich_king,False,8,跳蛙亡语野兽,0,6,fortitude,True,27
136,0,2,teron,True,1,伊丽扎攻击海盗,8,6,fortitude,True,27
136,0,3,rat_king,False,6,全局加攻亡灵,0,6,fortitude,True,27
136,0,4,wagtoggle,True,3,自伤成长恶魔,14,6,fortitude,True,27
136,0,5,kragg,False,4,空中海盗跳操,0,6,fortitude,True,27
136,0,6,gallywix,True,2,跳蛙亡语野兽,11,6,fortitude,True,27
136,0,7,omu,False,5,吞食成长恶魔,0,6,fortitude,True,27
136,0,8,guff,True,7,伊丽扎攻击海盗,8,6,fortitude,True,27
136,1,1,lich_king,True,7,永久增益龙,2,5,fortitude,True,17
136,1,2,teron,False,1,永久增益龙,0,6,fortitude,True,17
136,1,3,rat_king,True,6,诈骗犯扩容海盗,4,6,fortitude,True,17
136,1,4,wagtoggle,False,3,野兽召唤,0,6,fortitude,True,17
136,1,5,kragg,True,5,原创法术龙,2,6,fortitude,True,17
136,1,6,gallywix,False,4,回合成长龙,0,6,fortitude,True,17
136,1,7,omu,True,2,全局加攻亡灵,11,6,fortitude,True,17
136,1,8,guff,False,8,买卖成长海盗,0,4,fortitude,True,17
137,0,1,ragnaros,True,1,受伤成长野兽,12,6,grapnel,False,18
137,0,2,alakir,False,5,空中海盗跳操,0,6,grapnel,False,18
137,0,3,nzoth,True,3,空中海盗跳操,17,6,grapnel,False,18
137,0,4,edwin,False,2,吞食成长恶魔,0,6,grapnel,False,18
137,0,5,cthun,True,4,诈骗犯扩容海盗,8,6,grapnel,False,18
137,0,6,deathwing,False,7,获牌成长海盗,0,5,grapnel,False,18
137,0,7,patchwerk,True,8,空中海盗跳操,6,5,grapnel,False,18
137,0,8,pyramad,False,6,永久增益龙,0,6,grapnel,False,18
137,1,1,ragnaros,False,2,吞食成长恶魔,0,6,grapnel,False,17
137,1,2,alakir,True,4,受伤成长野兽,4,6,grapnel,False,17
137,1,3,nzoth,False,5,卡雷战吼龙,0,6,grapnel,False,17
137,1,4,edwin,True,7,跳蛙亡语野兽,8,5,grapnel,False,17
137,1,5,cthun,False,6,空中海盗跳操,0,6,grapnel,False,17
137,1,6,deathwing,True,1,伊丽扎攻击海盗,9,6,grapnel,False,17
137,1,7,patchwerk,False,3,空中海盗跳操,0,6,grapnel,False,17
137,1,8,pyramad,True,8,买卖成长海盗,7,5,grapnel,False,17
138,0,1,jaraxxus,False,4,永久增益龙,0,6,double_header,True,18
138,0,2,yogg,True,1,买卖成长海盗,10,6,double_header,True,18
138,0,3,george,False,5,受伤成长野兽,0,6,double_header,True,18
138,0,4,millificent,True,3,跳蛙亡语野兽,5,6,double_header,True,18
138,0,5,kaelthas,False,8,永久增益龙,0,5,double_header,True,18
138,0,6,deryl,True,7,受伤成长野兽,4,4,double_header,True,18
138,0,7,snake_eyes,False,2,吞食成长恶魔,0,6,double_header,True,18
138,0,8,taethelan,True,6,跳蛙亡语野兽,3,5,double_header,True,18
138,1,1,jaraxxus,True,7,手牌培育鱼人,1,4,double_header,True,17
138,1,2,yogg,False,5,手牌培育鱼人,0,5,double_header,True,17
138,1,3,george,True,8,灵活过渡,1,4,double_header,True,17
138,1,4,millificent,False,1,磁力复制机械,0,6,double_header,True,17
138,1,5,kaelthas,True,6,获牌成长海盗,3,5,double_header,True,17
138,1,6,deryl,False,4,复生永久成长亡灵,0,6,double_header,True,17
138,1,7,snake_eyes,True,2,手牌合唱鱼人,16,6,double_header,True,17
138,1,8,taethelan,False,3,受伤成长野兽,0,6,double_header,True,17
139,0,1,hollidae,True,3,跳蛙亡语野兽,13,6,prudence,False,16
139,0,2,king_laohan,False,2,受伤成长野兽,0,6,prudence,False,16
139,0,3,nozdormu,True,6,全局加攻亡灵,5,5,prudence,False,16
139,0,4,alexstrasza,False,8,叠盾成长龙,0,5,prudence,False,16
139,0,5,patches,True,7,永久增益龙,1,5,prudence,False,16
139,0,6,lich_king,False,5,永久增益龙,0,6,prudence,False,16
139,0,7,teron,True,4,跳蛙亡语野兽,7,6,prudence,False,16
139,0,8,rat_king,False,1,受伤成长野兽,0,6,prudence,False,16
139,1,1,hollidae,False,3,特塞斯买卖海盗,0,6,prudence,False,17
139,1,2,king_laohan,True,8,跳蛙亡语野兽,2,5,prudence,False,17
139,1,3,nozdormu,False,4,永久增益龙,0,6,prudence,False,17
139,1,4,alexstrasza,True,1,跳蛙亡语野兽,11,6,prudence,False,17
139,1,5,patches,False,7,空中海盗跳操,0,5,prudence,False,17
139,1,6,lich_king,True,2,跳蛙亡语野兽,10,6,prudence,False,17
139,1,7,teron,False,5,原创法术龙,0,6,prudence,False,17
139,1,8,rat_king,True,6,空中海盗跳操,3,5,prudence,False,17
140,0,1,wagtoggle,False,5,野兽召唤,0,6,factory_line,True,15
140,0,2,kragg,True,4,野兽召唤,15,6,factory_line,True,15
140,0,3,gallywix,False,6,受伤成长野兽,0,6,factory_line,True,15
140,0,4,omu,True,8,跳蛙亡语野兽,8,5,factory_line,True,15
140,0,5,guff,False,1,全局加攻亡灵,0,6,factory_line,True,15
140,0,6,ragnaros,True,3,跳蛙亡语野兽,13,6,factory_line,True,15
140,0,7,alakir,False,2,娜拉法术混合,0,6,factory_line,True,15
140,0,8,nzoth,True,7,伊丽扎攻击海盗,11,5,factory_line,True,15
140,1,1,wagtoggle,True,5,跳蛙亡语野兽,4,5,factory_line,True,20
140,1,2,kragg,False,7,受伤成长野兽,0,5,factory_line,True,20
140,1,3,gallywix,True,4,跳蛙亡语野兽,5,5,factory_line,True,20
140,1,4,omu,False,3,永久增益龙,0,6,factory_line,True,20
140,1,5,guff,True,6,磁力圣盾机械,4,5,factory_line,True,20
140,1,6,ragnaros,False,2,特塞斯买卖海盗,0,6,factory_line,True,20
140,1,7,alakir,True,1,野兽召唤,12,6,factory_line,True,20
140,1,8,nzoth,False,8,受伤成长野兽,0,4,factory_line,True,20
141,0,1,edwin,True,6,跳蛙亡语野兽,6,5,no_face_no_case,False,21
141,0,2,cthun,False,1,永久增益龙,0,6,no_face_no_case,False,21
141,0,3,deathwing,True,2,霍格买卖海盗,7,6,no_face_no_case,False,21
141,0,4,patchwerk,False,3,永久增益龙,0,6,no_face_no_case,False,21
141,0,5,pyramad,True,5,霍格买卖海盗,0,6,no_face_no_case,False,21
141,0,6,jaraxxus,False,4,野兽召唤,0,6,no_face_no_case,False,21
141,0,7,yogg,True,7,野兽召唤,0,5,no_face_no_case,False,21
141,0,8,george,False,8,娜拉法术混合,0,5,no_face_no_case,False,21
141,1,1,edwin,False,6,空中海盗跳操,0,6,no_face_no_case,False,21
141,1,2,cthun,True,2,受伤成长野兽,10,6,no_face_no_case,False,21
141,1,3,deathwing,False,4,野兽召唤,0,6,no_face_no_case,False,21
141,1,4,patchwerk,True,1,跳蛙亡语野兽,15,6,no_face_no_case,False,21
141,1,5,pyramad,False,8,霍格买卖海盗,0,5,no_face_no_case,False,21
141,1,6,jaraxxus,True,7,全局加攻亡灵,4,5,no_face_no_case,False,21
141,1,7,yogg,False,5,受伤成长野兽,0,6,no_face_no_case,False,21
141,1,8,george,True,3,跳蛙亡语野兽,7,6,no_face_no_case,False,21
142,0,1,millificent,False,4,特塞斯买卖海盗,0,6,instant_warband,True,15
142,0,2,kaelthas,True,8,买卖成长海盗,3,4,instant_warband,True,15
142,0,3,deryl,False,5,吞食成长恶魔,0,5,instant_warband,True,15
142,0,4,snake_eyes,True,7,获牌成长海盗,1,5,instant_warband,True,15
142,0,5,taethelan,False,6,诈骗犯扩容海盗,0,5,instant_warband,True,15
142,0,6,hollidae,True,2,卡雷战吼龙,6,6,instant_warband,True,15
142,0,7,king_laohan,False,1,回合末磁力机械,0,6,instant_warband,True,15
142,0,8,nozdormu,True,3,跳蛙亡语野兽,9,6,instant_warband,True,15
142,1,1,millificent,True,7,买卖成长海盗,1,5,instant_warband,True,15
142,1,2,kaelthas,False,8,手牌培育鱼人,0,4,instant_warband,True,15
142,1,3,deryl,True,6,磁力圣盾机械,5,5,instant_warband,True,15
142,1,4,snake_eyes,False,4,永久增益龙,0,6,instant_warband,True,15
142,1,5,taethelan,True,2,空中海盗跳操,4,6,instant_warband,True,15
142,1,6,hollidae,False,5,回合成长龙,0,5,instant_warband,True,15
142,1,7,king_laohan,True,3,特塞斯买卖海盗,7,6,instant_warband,True,15
142,1,8,nozdormu,False,1,永久增益龙,0,6,instant_warband,True,15
143,0,1,alexstrasza,True,1,永恒骑士亡灵,10,6,off,False,21
143,0,2,patches,False,6,空中海盗跳操,0,6,off,False,21
143,0,3,lich_king,True,5,全局加攻亡灵,3,6,off,False,21
143,0,4,teron,False,4,空中海盗跳操,0,6,off,False,21
143,0,5,rat_king,True,7,诈骗犯扩容海盗,1,5,off,False,21
143,0,6,wagtoggle,False,3,永久增益龙,0,6,off,False,21
143,0,7,kragg,True,2,诈骗犯扩容海盗,8,6,off,False,21
143,0,8,gallywix,False,8,受伤成长野兽,0,5,off,False,21
143,1,1,alexstrasza,False,2,永久增益龙,0,6,off,False,21
143,1,2,patches,True,8,空中海盗跳操,0,5,off,False,21
143,1,3,lich_king,False,1,霍格买卖海盗,0,6,off,False,21
143,1,4,teron,True,4,跳蛙亡语野兽,8,6,off,False,21
143,1,5,rat_king,False,5,自伤成长恶魔,0,6,off,False,21
143,1,6,wagtoggle,True,6,全局加攻亡灵,2,6,off,False,21
143,1,7,kragg,False,7,永久增益龙,0,6,off,False,21
143,1,8,gallywix,True,3,跳蛙亡语野兽,8,6,off,False,21
144,0,1,omu,False,7,特塞斯买卖海盗,0,5,refresh,True,16
144,0,2,guff,True,1,空中海盗跳操,19,6,refresh,True,16
144,0,3,ragnaros,False,2,空中海盗跳操,0,6,refresh,True,16
144,0,4,alakir,True,8,回合成长龙,3,5,refresh,True,16
144,0,5,nzoth,False,3,手牌合唱鱼人,0,6,refresh,True,16
144,0,6,edwin,True,6,全局加攻亡灵,4,5,refresh,True,16
144,0,7,cthun,False,5,空中海盗跳操,0,6,refresh,True,16
144,0,8,deathwing,True,4,野兽召唤,7,6,refresh,True,16
144,1,1,omu,True,4,永久增益龙,8,6,refresh,True,18
144,1,2,guff,False,6,全局加攻亡灵,0,5,refresh,True,18
144,1,3,ragnaros,True,5,空中海盗跳操,7,6,refresh,True,18
144,1,4,alakir,False,8,永久增益龙,0,4,refresh,True,18
144,1,5,nzoth,True,1,跳蛙亡语野兽,11,6,refresh,True,18
144,1,6,edwin,False,7,受伤成长野兽,0,4,refresh,True,18
144,1,7,cthun,True,2,空中海盗跳操,11,6,refresh,True,18
144,1,8,deathwing,False,3,永恒骑士亡灵,0,6,refresh,True,18
145,0,1,patchwerk,True,7,野兽召唤,4,5,crowded,False,17
145,0,2,pyramad,False,5,回合成长龙,0,6,crowded,False,17
145,0,3,jaraxxus,True,6,空中海盗跳操,5,6,crowded,False,17
145,0,4,yogg,False,4,宰割复生亡灵,0,6,crowded,False,17
145,0,5,george,True,1,全局加攻亡灵,7,6,crowded,False,17
145,0,6,millificent,False,2,吞食成长恶魔,0,6,crowded,False,17
145,0,7,kaelthas,True,3,获牌成长海盗,7,6,crowded,False,17
145,0,8,deryl,False,8,诈骗犯扩容海盗,0,5,crowded,False,17
145,1,1,patchwerk,False,4,空中海盗跳操,0,6,crowded,False,18
145,1,2,pyramad,True,5,法术增益龙,5,6,crowded,False,18
145,1,3,jaraxxus,False,8,受伤成长野兽,0,4,crowded,False,18
145,1,4,yogg,True,3,空中海盗跳操,13,6,crowded,False,18
145,1,5,george,False,1,自伤成长恶魔,0,6,crowded,False,18
145,1,6,millificent,True,7,空中海盗跳操,3,5,crowded,False,18
145,1,7,kaelthas,False,6,霍格买卖海盗,0,6,crowded,False,18
145,1,8,deryl,True,2,永久增益龙,7,6,crowded,False,18
146,0,1,snake_eyes,False,2,娜拉法术混合,0,6,seventh_reward,True,17
146,0,2,taethelan,True,1,跳蛙亡语野兽,8,6,seventh_reward,True,17
146,0,3,hollidae,False,4,空中海盗跳操,0,5,seventh_reward,True,17
146,0,4,king_laohan,True,8,买卖成长海盗,0,4,seventh_reward,True,17
146,0,5,nozdormu,False,6,全局加攻亡灵,0,5,seventh_reward,True,17
146,0,6,alexstrasza,True,3,跳蛙亡语野兽,3,6,seventh_reward,True,17
146,0,7,patches,False,7,买卖成长海盗,0,4,seventh_reward,True,17
146,0,8,lich_king,True,5,手牌培育鱼人,1,5,seventh_reward,True,17
146,1,1,snake_eyes,True,5,诈骗犯扩容海盗,5,5,seventh_reward,True,18
146,1,2,taethelan,False,2,受伤成长野兽,0,6,seventh_reward,True,18
146,1,3,hollidae,True,4,跳蛙亡语野兽,9,6,seventh_reward,True,18
146,1,4,king_laohan,False,7,获牌成长海盗,0,4,seventh_reward,True,18
146,1,5,nozdormu,True,1,全局加攻亡灵,7,6,seventh_reward,True,18
146,1,6,alexstrasza,False,3,卡雷战吼龙,0,6,seventh_reward,True,18
146,1,7,patches,True,8,买卖成长海盗,0,3,seventh_reward,True,18
146,1,8,lich_king,False,6,灵活过渡,0,4,seventh_reward,True,18
147,0,1,teron,True,5,买卖成长海盗,3,5,norgannon,False,17
147,0,2,rat_king,False,2,永久增益龙,0,7,norgannon,False,17
147,0,3,wagtoggle,True,6,空中海盗跳操,2,5,norgannon,False,17
147,0,4,kragg,False,4,受伤成长野兽,0,6,norgannon,False,17
147,0,5,gallywix,True,8,灵活过渡,2,5,norgannon,False,17
147,0,6,omu,False,7,诈骗犯扩容海盗,0,5,norgannon,False,17
147,0,7,guff,True,1,特塞斯买卖海盗,6,7,norgannon,False,17
147,0,8,ragnaros,False,3,受伤成长野兽,0,6,norgannon,False,17
147,1,1,teron,False,4,自伤成长恶魔,0,6,norgannon,False,19
147,1,2,rat_king,True,1,全局加攻亡灵,5,7,norgannon,False,19
147,1,3,wagtoggle,False,6,受伤成长野兽,0,6,norgannon,False,19
147,1,4,kragg,True,5,野兽召唤,7,6,norgannon,False,19
147,1,5,gallywix,False,8,诈骗犯扩容海盗,0,4,norgannon,False,19
147,1,6,omu,True,7,空中海盗跳操,4,5,norgannon,False,19
147,1,7,guff,False,3,永久增益龙,0,7,norgannon,False,19
147,1,8,ragnaros,True,2,空中海盗跳操,6,7,norgannon,False,19
148,0,1,alakir,False,2,受伤成长野兽,0,6,might,True,17
148,0,2,nzoth,True,4,获牌成长海盗,4,6,might,True,17
148,0,3,edwin,False,3,伊丽扎攻击海盗,0,6,might,True,17
148,0,4,cthun,True,1,全局加攻亡灵,6,6,might,True,17
148,0,5,deathwing,False,6,自伤成长恶魔,0,5,might,True,17
148,0,6,patchwerk,True,8,全局加攻亡灵,7,5,might,True,17
148,0,7,pyramad,False,5,特塞斯买卖海盗,0,5,might,True,17
148,0,8,jaraxxus,True,7,空中海盗跳操,4,5,might,True,17
148,1,1,alakir,True,7,买卖成长海盗,5,5,might,True,22
148,1,2,nzoth,False,8,诈骗犯扩容海盗,0,5,might,True,22
148,1,3,edwin,True,1,受伤成长野兽,11,6,might,True,22
148,1,4,cthun,False,2,回合成长龙,0,6,might,True,22
148,1,5,deathwing,True,5,吞食成长恶魔,6,6,might,True,22
148,1,6,patchwerk,False,6,跳蛙亡语野兽,0,6,might,True,22
148,1,7,pyramad,True,4,空中海盗跳操,10,6,might,True,22
148,1,8,jaraxxus,False,3,特塞斯买卖海盗,0,6,might,True,22
149,0,1,yogg,True,2,诈骗犯扩容海盗,9,6,fortitude,False,16
149,0,2,george,False,5,霍格买卖海盗,0,6,fortitude,False,16
149,0,3,millificent,True,7,跳蛙亡语野兽,3,5,fortitude,False,16
149,0,4,kaelthas,False,3,空中海盗跳操,0,6,fortitude,False,16
149,0,5,deryl,True,6,跳蛙亡语野兽,5,5,fortitude,False,16
149,0,6,snake_eyes,False,4,跳蛙亡语野兽,0,6,fortitude,False,16
149,0,7,taethelan,True,8,买卖成长海盗,6,5,fortitude,False,16
149,0,8,hollidae,False,1,光牙混合,0,6,fortitude,False,16
149,1,1,yogg,False,5,永久增益龙,0,6,fortitude,False,17
149,1,2,george,True,3,喷子亡语恶魔,6,6,fortitude,False,17
149,1,3,millificent,False,7,永久增益龙,0,5,fortitude,False,17
149,1,4,kaelthas,True,2,跳蛙亡语野兽,8,6,fortitude,False,17
149,1,5,deryl,False,4,跳蛙亡语野兽,0,6,fortitude,False,17
149,1,6,snake_eyes,True,6,空中海盗跳操,5,6,fortitude,False,17
149,1,7,taethelan,False,8,灵活过渡,0,5,fortitude,False,17
149,1,8,hollidae,True,1,复生永久成长亡灵,6,6,fortitude,False,17
150,0,1,king_laohan,False,6,霍格买卖海盗,0,6,grapnel,True,18
150,0,2,nozdormu,True,2,空中海盗跳操,14,6,grapnel,True,18
150,0,3,alexstrasza,False,4,永久增益龙,0,6,grapnel,True,18
150,0,4,patches,True,1,受伤成长野兽,6,6,grapnel,True,18
150,0,5,lich_king,False,3,空中海盗跳操,0,6,grapnel,True,18
150,0,6,teron,True,7,空中海盗跳操,6,5,grapnel,True,18
150,0,7,rat_king,False,8,永久增益龙,0,4,grapnel,True,18
150,0,8,wagtoggle,True,5,空中海盗跳操,8,6,grapnel,True,18
150,1,1,king_laohan,True,4,特塞斯买卖海盗,6,6,grapnel,True,21
150,1,2,nozdormu,False,6,霍格买卖海盗,0,6,grapnel,True,21
150,1,3,alexstrasza,True,7,空中海盗跳操,8,5,grapnel,True,21
150,1,4,patches,False,1,空中海盗跳操,0,6,grapnel,True,21
150,1,5,lich_king,True,8,喷子亡语恶魔,2,5,grapnel,True,21
150,1,6,teron,False,3,回合成长龙,0,6,grapnel,True,21
150,1,7,rat_king,True,5,全局加攻亡灵,5,6,grapnel,True,21
150,1,8,wagtoggle,False,2,手牌合唱鱼人,0,6,grapnel,True,21
151,0,1,kragg,True,7,自伤成长恶魔,2,5,double_header,False,18
151,0,2,gallywix,False,8,原创法术龙,0,4,double_header,False,18
151,0,3,omu,True,4,宰割复生亡灵,10,6,double_header,False,18
151,0,4,guff,False,6,回合末磁力机械,0,5,double_header,False,18
151,0,5,ragnaros,True,1,空中海盗跳操,12,6,double_header,False,18
151,0,6,alakir,False,5,光牙混合,0,6,double_header,False,18
151,0,7,nzoth,True,3,手牌合唱鱼人,4,6,double_header,False,18
151,0,8,edwin,False,2,受伤成长野兽,0,6,double_header,False,18
151,1,1,kragg,False,7,永久增益龙,0,5,double_header,False,15
151,1,2,gallywix,True,8,磁力圣盾机械,5,4,double_header,False,15
151,1,3,omu,False,2,空中海盗跳操,0,6,double_header,False,15
151,1,4,guff,True,5,全局加攻亡灵,4,6,double_header,False,15
151,1,5,ragnaros,False,3,霍格买卖海盗,0,6,double_header,False,15
151,1,6,alakir,True,1,手牌合唱鱼人,9,6,double_header,False,15
151,1,7,nzoth,False,4,野兽召唤,0,6,double_header,False,15
151,1,8,edwin,True,6,跳蛙亡语野兽,6,6,double_header,False,15
152,0,1,cthun,False,6,霍格买卖海盗,0,6,prudence,True,19
152,0,2,deathwing,True,5,跳蛙亡语野兽,11,6,prudence,True,19
152,0,3,patchwerk,False,4,原创法术龙,0,6,prudence,True,19
152,0,4,pyramad,True,8,获牌成长海盗,3,5,prudence,True,19
152,0,5,jaraxxus,False,3,全局加攻亡灵,0,6,prudence,True,19
152,0,6,yogg,True,7,跳蛙亡语野兽,5,6,prudence,True,19
152,0,7,george,False,1,永久增益龙,0,6,prudence,True,19
152,0,8,millificent,True,2,空中海盗跳操,9,6,prudence,True,19
152,1,1,cthun,True,5,灵活过渡,2,6,prudence,True,19
152,1,2,deathwing,False,8,小瞎眼回合末战吼,0,5,prudence,True,19
152,1,3,patchwerk,True,6,全局加攻亡灵,2,6,prudence,True,19
152,1,4,pyramad,False,4,娜拉法术混合,0,6,prudence,True,19
152,1,5,jaraxxus,True,3,全局加攻亡灵,9,6,prudence,True,19
152,1,6,yogg,False,1,法术增益龙,0,6,prudence,True,19
152,1,7,george,True,7,喷子亡语恶魔,0,5,prudence,True,19
152,1,8,millificent,False,2,霍格买卖海盗,0,6,prudence,True,19
153,0,1,kaelthas,True,1,伊丽扎攻击海盗,11,6,factory_line,False,20
153,0,2,deryl,False,8,原创法术龙,0,5,factory_line,False,20
153,0,3,snake_eyes,True,5,买卖成长海盗,6,5,factory_line,False,20
153,0,4,taethelan,False,3,手牌培育鱼人,0,6,factory_line,False,20
153,0,5,hollidae,True,7,永久增益龙,6,5,factory_line,False,20
153,0,6,king_laohan,False,2,回合成长龙,0,6,factory_line,False,20
153,0,7,nozdormu,True,6,跳蛙亡语野兽,8,5,factory_line,False,20
153,0,8,alexstrasza,False,4,特塞斯买卖海盗,0,6,factory_line,False,20
153,1,1,kaelthas,False,8,永久增益龙,0,5,factory_line,False,18
153,1,2,deryl,True,1,宰割复生亡灵,8,6,factory_line,False,18
153,1,3,snake_eyes,False,6,诈骗犯扩容海盗,0,5,factory_line,False,18
153,1,4,taethelan,True,3,跳蛙亡语野兽,9,6,factory_line,False,18
153,1,5,hollidae,False,7,永久增益龙,0,5,factory_line,False,18
153,1,6,king_laohan,True,2,全局加攻亡灵,8,6,factory_line,False,18
153,1,7,nozdormu,False,5,空中海盗跳操,0,6,factory_line,False,18
153,1,8,alexstrasza,True,4,磁力复制机械,6,6,factory_line,False,18
154,0,1,patches,False,5,空中海盗跳操,0,6,no_face_no_case,True,18
154,0,2,lich_king,True,7,跳蛙亡语野兽,4,6,no_face_no_case,True,18
154,0,3,teron,False,4,永久增益龙,0,6,no_face_no_case,True,18
154,0,4,rat_king,True,1,受伤成长野兽,7,6,no_face_no_case,True,18
154,0,5,wagtoggle,False,3,空中海盗跳操,0,6,no_face_no_case,True,18
154,0,6,kragg,True,6,跳蛙亡语野兽,4,6,no_face_no_case,True,18
154,0,7,gallywix,False,2,永久增益龙,0,6,no_face_no_case,True,18
154,0,8,omu,True,8,跳蛙亡语野兽,6,4,no_face_no_case,True,18
154,1,1,patches,True,6,买卖成长海盗,1,6,no_face_no_case,True,18
154,1,2,lich_king,False,8,灵活过渡,0,4,no_face_no_case,True,18
154,1,3,teron,True,1,手牌合唱鱼人,6,6,no_face_no_case,True,18
154,1,4,rat_king,False,7,野兽召唤,0,5,no_face_no_case,True,18
154,1,5,wagtoggle,True,5,手牌合唱鱼人,2,6,no_face_no_case,True,18
154,1,6,kragg,False,3,受伤成长野兽,0,6,no_face_no_case,True,18
154,1,7,gallywix,True,2,手牌合唱鱼人,1,6,no_face_no_case,True,18
154,1,8,omu,False,4,诈骗犯扩容海盗,0,6,no_face_no_case,True,18
155,0,1,guff,True,8,跳蛙亡语野兽,4,4,instant_warband,False,17
155,0,2,ragnaros,False,3,磁力复制机械,0,6,instant_warband,False,17
155,0,3,alakir,True,4,吞食成长恶魔,9,6,instant_warband,False,17
155,0,4,nzoth,False,7,永久增益龙,0,5,instant_warband,False,17
155,0,5,edwin,True,6,全局加攻亡灵,6,5,instant_warband,False,17
155,0,6,cthun,False,2,特塞斯买卖海盗,0,6,instant_warband,False,17
155,0,7,deathwing,True,1,宰割复生亡灵,13,6,instant_warband,False,17
155,0,8,patchwerk,False,5,永久增益龙,0,5,instant_warband,False,17
155,1,1,guff,False,3,娜拉法术混合,0,6,instant_warband,False,19
155,1,2,ragnaros,True,1,吞食成长恶魔,8,6,instant_warband,False,19
155,1,3,alakir,False,2,空中海盗跳操,0,6,instant_warband,False,19
155,1,4,nzoth,True,7,买卖成长海盗,2,5,instant_warband,False,19
155,1,5,edwin,False,6,野兽召唤,0,6,instant_warband,False,19
155,1,6,cthun,True,4,跳蛙亡语野兽,5,6,instant_warband,False,19
155,1,7,deathwing,False,5,原创法术龙,0,6,instant_warband,False,19
155,1,8,patchwerk,True,8,全局加攻亡灵,6,5,instant_warband,False,19
156,0,1,pyramad,False,4,回合成长龙,0,6,off,True,17
156,0,2,jaraxxus,True,7,磁力圣盾机械,1,5,off,True,17
156,0,3,yogg,False,2,娜拉法术混合,0,6,off,True,17
156,0,4,george,True,8,跳蛙亡语野兽,5,4,off,True,17
156,0,5,millificent,False,6,手牌合唱鱼人,0,5,off,True,17
156,0,6,kaelthas,True,3,跳蛙亡语野兽,7,6,off,True,17
156,0,7,deryl,False,5,永久增益龙,0,6,off,True,17
156,0,8,snake_eyes,True,1,空中海盗跳操,6,6,off,True,17
156,1,1,pyramad,True,2,永久增益龙,7,6,off,True,19
156,1,2,jaraxxus,False,6,永久增益龙,0,5,off,True,19
156,1,3,yogg,True,4,磁力圣盾机械,6,6,off,True,19
156,1,4,george,False,1,光牙混合,0,6,off,True,19
156,1,5,millificent,True,5,喷子亡语恶魔,5,5,off,True,19
156,1,6,kaelthas,False,7,受伤成长野兽,0,5,off,True,19
156,1,7,deryl,True,8,买卖成长海盗,2,5,off,True,19
156,1,8,snake_eyes,False,3,永恒骑士亡灵,0,6,off,True,19
157,0,1,taethelan,True,7,诈骗犯扩容海盗,6,5,refresh,False,19
157,0,2,hollidae,False,2,受伤成长野兽,0,6,refresh,False,19
157,0,3,king_laohan,True,5,诈骗犯扩容海盗,8,6,refresh,False,19
157,0,4,nozdormu,False,6,受伤成长野兽,0,5,refresh,False,19
157,0,5,alexstrasza,True,3,跳蛙亡语野兽,10,6,refresh,False,19
157,0,6,patches,False,8,永久增益龙,0,5,refresh,False,19
157,0,7,lich_king,True,4,空中海盗跳操,5,6,refresh,False,19
157,0,8,teron,False,1,受伤成长野兽,0,6,refresh,False,19
157,1,1,taethelan,False,2,空中海盗跳操,0,6,refresh,False,18
157,1,2,hollidae,True,5,野兽召唤,1,6,refresh,False,18
157,1,3,king_laohan,False,4,霍格买卖海盗,0,6,refresh,False,18
157,1,4,nozdormu,True,3,跳蛙亡语野兽,8,6,refresh,False,18
157,1,5,alexstrasza,False,6,跳蛙亡语野兽,0,6,refresh,False,18
157,1,6,patches,True,7,霍格买卖海盗,0,6,refresh,False,18
157,1,7,lich_king,False,1,全局加攻亡灵,0,6,refresh,False,18
157,1,8,teron,True,8,全局加攻亡灵,6,5,refresh,False,18
158,0,1,rat_king,False,6,买卖成长海盗,0,5,crowded,True,19
158,0,2,wagtoggle,True,2,跳蛙亡语野兽,11,6,crowded,True,19
158,0,3,kragg,False,1,受伤成长野兽,0,6,crowded,True,19
158,0,4,gallywix,True,8,灵活过渡,1,4,crowded,True,19
158,0,5,omu,False,4,空中海盗跳操,0,6,crowded,True,19
158,0,6,guff,True,5,诈骗犯扩容海盗,4,5,crowded,True,19
158,0,7,ragnaros,False,3,永久增益龙,0,6,crowded,True,19
158,0,8,alakir,True,7,霍格买卖海盗,3,5,crowded,True,19
158,1,1,rat_king,True,6,空中海盗跳操,2,5,crowded,True,20
158,1,2,wagtoggle,False,3,野兽召唤,0,6,crowded,True,20
158,1,3,kragg,True,4,跳蛙亡语野兽,6,6,crowded,True,20
158,1,4,gallywix,False,8,全局加攻亡灵,0,4,crowded,True,20
158,1,5,omu,True,1,空中海盗跳操,8,6,crowded,True,20
158,1,6,guff,False,7,磁力圣盾机械,0,5,crowded,True,20
158,1,7,ragnaros,True,2,全局加攻亡灵,11,6,crowded,True,20
158,1,8,alakir,False,5,跳蛙亡语野兽,0,6,crowded,True,20
159,0,1,nzoth,True,5,跳蛙亡语野兽,4,5,seventh_reward,False,19
159,0,2,edwin,False,7,回合成长龙,0,5,seventh_reward,False,19
159,0,3,cthun,True,2,手牌合唱鱼人,4,6,seventh_reward,False,19
159,0,4,deathwing,False,3,光牙混合,0,6,seventh_reward,False,19
159,0,5,patchwerk,True,4,跳蛙亡语野兽,6,6,seventh_reward,False,19
159,0,6,pyramad,False,6,买卖成长海盗,0,5,seventh_reward,False,19
159,0,7,jaraxxus,True,8,磁力圣盾机械,0,4,seventh_reward,False,19
159,0,8,yogg,False,1,叠盾成长龙,0,6,seventh_reward,False,19
159,1,1,nzoth,False,4,受伤成长野兽,0,6,seventh_reward,False,17
159,1,2,edwin,True,8,灵活过渡,2,4,seventh_reward,False,17
159,1,3,cthun,False,2,野兽召唤,0,6,seventh_reward,False,17
159,1,4,deathwing,True,3,灵活过渡,0,6,seventh_reward,False,17
159,1,5,patchwerk,False,6,诈骗犯扩容海盗,0,4,seventh_reward,False,17
159,1,6,pyramad,True,5,空中海盗跳操,9,6,seventh_reward,False,17
159,1,7,jaraxxus,False,7,灵活过渡,0,4,seventh_reward,False,17
159,1,8,yogg,True,1,永恒骑士亡灵,8,6,seventh_reward,False,17
160,0,1,george,False,2,全局加攻亡灵,0,7,norgannon,True,18
160,0,2,millificent,True,3,自伤成长恶魔,10,7,norgannon,True,18
160,0,3,kaelthas,False,4,手牌培育鱼人,0,7,norgannon,True,18
160,0,4,deryl,True,8,跳蛙亡语野兽,2,5,norgannon,True,18
160,0,5,snake_eyes,False,5,永久增益龙,0,7,norgannon,True,18
160,0,6,taethelan,True,1,伊丽扎攻击海盗,6,7,norgannon,True,18
160,0,7,hollidae,False,6,受伤成长野兽,0,5,norgannon,True,18
160,0,8,king_laohan,True,7,手牌合唱鱼人,1,5,norgannon,True,18
160,1,1,george,True,1,跳蛙亡语野兽,2,7,norgannon,True,16
160,1,2,millificent,False,2,手牌合唱鱼人,0,7,norgannon,True,16
160,1,3,kaelthas,True,7,空中海盗跳操,2,5,norgannon,True,16
160,1,4,deryl,False,5,手牌合唱鱼人,0,6,norgannon,True,16
160,1,5,snake_eyes,True,3,回合成长龙,3,6,norgannon,True,16
160,1,6,taethelan,False,6,光牙混合,0,6,norgannon,True,16
160,1,7,hollidae,True,4,空中海盗跳操,4,6,norgannon,True,16
160,1,8,king_laohan,False,8,光牙混合,0,5,norgannon,True,16
161,0,1,nozdormu,True,7,诈骗犯扩容海盗,4,6,might,False,19
161,0,2,alexstrasza,False,4,受伤成长野兽,0,6,might,False,19
161,0,3,patches,True,8,获牌成长海盗,1,5,might,False,19
161,0,4,lich_king,False,1,法术增益龙,0,6,might,False,19
161,0,5,teron,True,3,跳蛙亡语野兽,10,6,might,False,19
161,0,6,rat_king,False,2,空中海盗跳操,0,6,might,False,19
161,0,7,wagtoggle,True,5,跳蛙亡语野兽,8,6,might,False,19
161,0,8,kragg,False,6,受伤成长野兽,0,6,might,False,19
161,1,1,nozdormu,False,4,永恒骑士亡灵,0,6,might,False,21
161,1,2,alexstrasza,True,1,跳蛙亡语野兽,12,6,might,False,21
161,1,3,patches,False,6,空中海盗跳操,0,6,might,False,21
161,1,4,lich_king,True,8,买卖成长海盗,2,5,might,False,21
161,1,5,teron,False,7,原创法术龙,0,6,might,False,21
161,1,6,rat_king,True,5,野兽召唤,5,6,might,False,21
161,1,7,wagtoggle,False,2,特塞斯买卖海盗,0,6,might,False,21
161,1,8,kragg,True,3,跳蛙亡语野兽,13,6,might,False,21
162,0,1,gallywix,False,8,空中海盗跳操,0,4,fortitude,True,15
162,0,2,omu,True,7,买卖成长海盗,5,4,fortitude,True,15
162,0,3,guff,False,5,受伤成长野兽,0,5,fortitude,True,15
162,0,4,ragnaros,True,2,空中海盗跳操,5,6,fortitude,True,15
162,0,5,alakir,False,4,空中海盗跳操,0,6,fortitude,True,15
162,0,6,nzoth,True,3,跳蛙亡语野兽,5,6,fortitude,True,15
162,0,7,edwin,False,6,永久增益龙,0,5,fortitude,True,15
162,0,8,cthun,True,1,回合末磁力机械,12,6,fortitude,True,15
162,1,1,gallywix,True,1,跳蛙亡语野兽,11,6,fortitude,True,17
162,1,2,omu,False,7,磁力复制机械,0,5,fortitude,True,17
162,1,3,guff,True,8,灵活过渡,5,4,fortitude,True,17
162,1,4,ragnaros,False,4,空中海盗跳操,0,6,fortitude,True,17
162,1,5,alakir,True,6,喷子亡语恶魔,4,5,fortitude,True,17
162,1,6,nzoth,False,2,永久增益龙,0,6,fortitude,True,17
162,1,7,edwin,True,5,诈骗犯扩容海盗,8,5,fortitude,True,17
162,1,8,cthun,False,3,叠盾成长龙,0,6,fortitude,True,17
163,0,1,deathwing,True,4,跳蛙亡语野兽,15,6,grapnel,False,18
163,0,2,patchwerk,False,5,特塞斯买卖海盗,0,6,grapnel,False,18
163,0,3,pyramad,True,3,复生永久成长亡灵,11,6,grapnel,False,18
163,0,4,jaraxxus,False,6,回合成长龙,0,6,grapnel,False,18
163,0,5,yogg,True,7,空中海盗跳操,5,5,grapnel,False,18
163,0,6,george,False,1,受伤成长野兽,0,6,grapnel,False,18
163,0,7,millificent,True,2,受伤成长野兽,6,6,grapnel,False,18
163,0,8,kaelthas,False,8,空中海盗跳操,0,5,grapnel,False,18
163,1,1,deathwing,False,5,娜拉法术混合,0,6,grapnel,False,22
163,1,2,patchwerk,True,7,买卖成长海盗,2,5,grapnel,False,22
163,1,3,pyramad,False,4,吞食成长恶魔,0,6,grapnel,False,22
163,1,4,jaraxxus,True,6,买卖成长海盗,6,6,grapnel,False,22
163,1,5,yogg,False,3,永久增益龙,0,6,grapnel,False,22
163,1,6,george,True,2,跳蛙亡语野兽,8,6,grapnel,False,22
163,1,7,millificent,False,1,空中海盗跳操,0,6,grapnel,False,22
163,1,8,kaelthas,True,8,受伤成长野兽,2,5,grapnel,False,22
164,0,1,deryl,False,2,娜拉法术混合,0,6,double_header,True,18
164,0,2,snake_eyes,True,3,跳蛙亡语野兽,9,6,double_header,True,18
164,0,3,taethelan,False,6,手牌培育鱼人,0,6,double_header,True,18
164,0,4,hollidae,True,7,跳蛙亡语野兽,2,6,double_header,True,18
164,0,5,king_laohan,False,8,霍格买卖海盗,0,5,double_header,True,18
164,0,6,nozdormu,True,4,买卖成长海盗,7,6,double_header,True,18
164,0,7,alexstrasza,False,1,永久增益龙,0,6,double_header,True,18
164,0,8,patches,True,5,空中海盗跳操,8,6,double_header,True,18
164,1,1,deryl,True,6,霍格买卖海盗,5,5,double_header,True,25
164,1,2,snake_eyes,False,3,受伤成长野兽,0,6,double_header,True,25
164,1,3,taethelan,True,4,跳蛙亡语野兽,9,6,double_header,True,25
164,1,4,hollidae,False,2,永恒骑士亡灵,0,6,double_header,True,25
164,1,5,king_laohan,True,7,全局加攻亡灵,4,4,double_header,True,25
164,1,6,nozdormu,False,1,回合成长龙,0,6,double_header,True,25
164,1,7,alexstrasza,True,5,手牌合唱鱼人,4,5,double_header,True,25
164,1,8,patches,False,8,诈骗犯扩容海盗,0,4,double_header,True,25
165,0,1,lich_king,True,2,永恒骑士亡灵,11,6,prudence,False,18
165,0,2,teron,False,3,娜拉法术混合,0,6,prudence,False,18
165,0,3,rat_king,True,7,喷子亡语恶魔,3,5,prudence,False,18
165,0,4,wagtoggle,False,5,永久增益龙,0,6,prudence,False,18
165,0,5,kragg,True,1,跳蛙亡语野兽,8,6,prudence,False,18
165,0,6,gallywix,False,4,手牌合唱鱼人,0,6,prudence,False,18
165,0,7,omu,True,6,跳蛙亡语野兽,3,5,prudence,False,18
165,0,8,guff,False,8,诈骗犯扩容海盗,0,5,prudence,False,18
165,1,1,lich_king,False,8,永久增益龙,0,5,prudence,False,15
165,1,2,teron,True,3,全局加攻亡灵,9,6,prudence,False,15
165,1,3,rat_king,False,2,永久增益龙,0,6,prudence,False,15
165,1,4,wagtoggle,True,5,跳蛙亡语野兽,3,6,prudence,False,15
165,1,5,kragg,False,6,野兽召唤,0,5,prudence,False,15
165,1,6,gallywix,True,1,伊丽扎攻击海盗,7,6,prudence,False,15
165,1,7,omu,False,4,永久增益龙,0,6,prudence,False,15
165,1,8,guff,True,7,手牌合唱鱼人,2,5,prudence,False,15
166,0,1,ragnaros,False,4,霍格买卖海盗,0,6,factory_line,True,17
166,0,2,alakir,True,3,手牌合唱鱼人,6,6,factory_line,True,17
166,0,3,nzoth,False,6,空中海盗跳操,0,5,factory_line,True,17
166,0,4,edwin,True,7,买卖成长海盗,2,5,factory_line,True,17
166,0,5,cthun,False,2,手牌合唱鱼人,0,6,factory_line,True,17
166,0,6,deathwing,True,8,手牌合唱鱼人,3,5,factory_line,True,17
166,0,7,patchwerk,False,1,法术增益龙,0,6,factory_line,True,17
166,0,8,pyramad,True,5,受伤成长野兽,6,5,factory_line,True,17
166,1,1,ragnaros,True,1,跳蛙亡语野兽,11,6,factory_line,True,17
166,1,2,alakir,False,5,喷子亡语恶魔,0,6,factory_line,True,17
166,1,3,nzoth,True,8,全局加攻亡灵,7,5,factory_line,True,17
166,1,4,edwin,False,4,全局加攻亡灵,0,6,factory_line,True,17
166,1,5,cthun,True,2,伊丽扎攻击海盗,13,6,factory_line,True,17
166,1,6,deathwing,False,7,空中海盗跳操,0,6,factory_line,True,17
166,1,7,patchwerk,True,3,空中海盗跳操,14,6,factory_line,True,17
166,1,8,pyramad,False,6,受伤成长野兽,0,6,factory_line,True,17
167,0,1,jaraxxus,True,6,跳蛙亡语野兽,3,5,no_face_no_case,False,20
167,0,2,yogg,False,5,空中海盗跳操,0,6,no_face_no_case,False,20
167,0,3,george,True,8,跳蛙亡语野兽,1,5,no_face_no_case,False,20
167,0,4,millificent,False,4,受伤成长野兽,0,6,no_face_no_case,False,20
167,0,5,kaelthas,True,3,空中海盗跳操,5,6,no_face_no_case,False,20
167,0,6,deryl,False,1,野兽召唤,0,6,no_face_no_case,False,20
167,0,7,snake_eyes,True,7,空中海盗跳操,7,5,no_face_no_case,False,20
167,0,8,taethelan,False,2,手牌培育鱼人,0,6,no_face_no_case,False,20
167,1,1,jaraxxus,False,3,回合末磁力机械,0,6,no_face_no_case,False,18
167,1,2,yogg,True,6,跳蛙亡语野兽,7,6,no_face_no_case,False,18
167,1,3,george,False,1,手牌培育鱼人,0,6,no_face_no_case,False,18
167,1,4,millificent,True,2,手牌合唱鱼人,5,6,no_face_no_case,False,18
167,1,5,kaelthas,False,8,受伤成长野兽,0,6,no_face_no_case,False,18
167,1,6,deryl,True,4,受伤成长野兽,4,6,no_face_no_case,False,18
167,1,7,snake_eyes,False,5,全局加攻亡灵,0,6,no_face_no_case,False,18
167,1,8,taethelan,True,7,全局加攻亡灵,3,6,no_face_no_case,False,18
168,0,1,hollidae,False,6,跳蛙亡语野兽,0,5,instant_warband,True,18
168,0,2,king_laohan,True,5,诈骗犯扩容海盗,4,6,instant_warband,True,18
168,0,3,nozdormu,False,4,跳蛙亡语野兽,0,6,instant_warband,True,18
168,0,4,alexstrasza,True,7,跳蛙亡语野兽,7,5,instant_warband,True,18
168,0,5,patches,False,3,空中海盗跳操,0,6,instant_warband,True,18
168,0,6,lich_king,True,1,空中海盗跳操,13,6,instant_warband,True,18
168,0,7,teron,False,2,野兽召唤,0,6,instant_warband,True,18
168,0,8,rat_king,True,8,空中海盗跳操,1,4,instant_warband,True,18
168,1,1,hollidae,True,1,跳蛙亡语野兽,14,6,instant_warband,True,15
168,1,2,king_laohan,False,5,全局加攻亡灵,0,6,instant_warband,True,15
168,1,3,nozdormu,True,3,跳蛙亡语野兽,6,6,instant_warband,True,15
168,1,4,alexstrasza,False,7,法术增益龙,0,5,instant_warband,True,15
168,1,5,patches,True,4,宰割复生亡灵,5,6,instant_warband,True,15
168,1,6,lich_king,False,2,娜拉法术混合,0,6,instant_warband,True,15
168,1,7,teron,True,6,诈骗犯扩容海盗,5,6,instant_warband,True,15
168,1,8,rat_king,False,8,永久增益龙,0,4,instant_warband,True,15
169,0,1,wagtoggle,True,3,跳蛙亡语野兽,7,6,off,False,18
169,0,2,kragg,False,4,光牙混合,0,6,off,False,18
169,0,3,gallywix,True,5,霍格买卖海盗,9,6,off,False,18
169,0,4,omu,False,6,空中海盗跳操,0,6,off,False,18
169,0,5,guff,True,8,野兽召唤,4,5,off,False,18
169,0,6,ragnaros,False,1,空中海盗跳操,0,6,off,False,18
169,0,7,alakir,True,2,跳蛙亡语野兽,7,6,off,False,18
169,0,8,nzoth,False,7,灵活过渡,0,5,off,False,18
169,1,1,wagtoggle,False,6,空中海盗跳操,0,6,off,False,15
169,1,2,kragg,True,8,买卖成长海盗,3,5,off,False,15
169,1,3,gallywix,False,2,永久增益龙,0,6,off,False,15
169,1,4,omu,True,5,诈骗犯扩容海盗,2,6,off,False,15
169,1,5,guff,False,4,磁力复制机械,0,6,off,False,15
169,1,6,ragnaros,True,1,空中海盗跳操,4,6,off,False,15
169,1,7,alakir,False,7,跳蛙亡语野兽,0,5,off,False,15
169,1,8,nzoth,True,3,跳蛙亡语野兽,6,6,off,False,15
170,0,1,edwin,False,6,跳蛙亡语野兽,0,5,refresh,True,17
170,0,2,cthun,True,3,空中海盗跳操,14,6,refresh,True,17
170,0,3,deathwing,False,5,受伤成长野兽,0,6,refresh,True,17
170,0,4,patchwerk,True,4,买卖成长海盗,4,6,refresh,True,17
170,0,5,pyramad,False,2,永久增益龙,0,6,refresh,True,17
170,0,6,jaraxxus,True,8,受伤成长野兽,2,4,refresh,True,17
170,0,7,yogg,False,1,法术增益龙,0,6,refresh,True,17
170,0,8,george,True,7,跳蛙亡语野兽,4,5,refresh,True,17
170,1,1,edwin,True,6,跳蛙亡语野兽,2,6,refresh,True,17
170,1,2,cthun,False,1,空中海盗跳操,0,6,refresh,True,17
170,1,3,deathwing,True,2,空中海盗跳操,8,6,refresh,True,17
170,1,4,patchwerk,False,5,获牌成长海盗,0,6,refresh,True,17
170,1,5,pyramad,True,4,跳蛙亡语野兽,4,6,refresh,True,17
170,1,6,jaraxxus,False,3,永久增益龙,0,6,refresh,True,17
170,1,7,yogg,True,8,灵活过渡,1,5,refresh,True,17
170,1,8,george,False,7,获牌成长海盗,0,5,refresh,True,17
171,0,1,millificent,True,5,空中海盗跳操,6,6,crowded,False,16
171,0,2,kaelthas,False,1,法术增益龙,0,6,crowded,False,16
171,0,3,deryl,True,2,受伤成长野兽,10,6,crowded,False,16
171,0,4,snake_eyes,False,4,自伤成长恶魔,0,6,crowded,False,16
171,0,5,taethelan,True,7,跳蛙亡语野兽,1,5,crowded,False,16
171,0,6,hollidae,False,3,卡雷战吼龙,0,6,crowded,False,16
171,0,7,king_laohan,True,8,灵活过渡,0,5,crowded,False,16
171,0,8,nozdormu,False,6,自伤成长恶魔,0,5,crowded,False,16
171,1,1,millificent,False,7,光牙混合,0,5,crowded,False,18
171,1,2,kaelthas,True,5,跳蛙亡语野兽,1,6,crowded,False,18
171,1,3,deryl,False,2,吞食成长恶魔,0,6,crowded,False,18
171,1,4,snake_eyes,True,1,诈骗犯扩容海盗,19,6,crowded,False,18
171,1,5,taethelan,False,8,受伤成长野兽,0,5,crowded,False,18
171,1,6,hollidae,True,6,买卖成长海盗,7,6,crowded,False,18
171,1,7,king_laohan,False,4,受伤成长野兽,0,6,crowded,False,18
171,1,8,nozdormu,True,3,受伤成长野兽,6,6,crowded,False,18
172,0,1,alexstrasza,False,5,灵活过渡,0,5,seventh_reward,True,15
172,0,2,patches,True,2,空中海盗跳操,5,6,seventh_reward,True,15
172,0,3,lich_king,False,3,野兽召唤,0,6,seventh_reward,True,15
172,0,4,teron,True,7,喷子亡语恶魔,0,4,seventh_reward,True,15
172,0,5,rat_king,False,4,永久增益龙,0,5,seventh_reward,True,15
172,0,6,wagtoggle,True,1,跳蛙亡语野兽,7,6,seventh_reward,True,15
172,0,7,kragg,False,6,全局加攻亡灵,0,5,seventh_reward,True,15
172,0,8,gallywix,True,8,灵活过渡,0,4,seventh_reward,True,15
172,1,1,alexstrasza,True,1,灵活过渡,1,5,seventh_reward,True,12
172,1,2,patches,False,7,买卖成长海盗,0,4,seventh_reward,True,12
172,1,3,lich_king,True,2,全局加攻亡灵,6,6,seventh_reward,True,12
172,1,4,teron,False,8,永久增益龙,0,4,seventh_reward,True,12
172,1,5,rat_king,True,3,磁力复制机械,3,5,seventh_reward,True,12
172,1,6,wagtoggle,False,5,手牌培育鱼人,0,4,seventh_reward,True,12
172,1,7,kragg,True,6,回合末磁力机械,4,4,seventh_reward,True,12
172,1,8,gallywix,False,4,灵活过渡,0,4,seventh_reward,True,12
173,0,1,omu,True,7,空中海盗跳操,4,5,norgannon,False,19
173,0,2,guff,False,8,买卖成长海盗,0,4,norgannon,False,19
173,0,3,ragnaros,True,3,手牌培育鱼人,4,7,norgannon,False,19
173,0,4,alakir,False,6,空中海盗跳操,0,6,norgannon,False,19
173,0,5,nzoth,True,5,空中海盗跳操,8,6,norgannon,False,19
173,0,6,edwin,False,4,光牙混合,0,6,norgannon,False,19
173,0,7,cthun,True,2,复生永久成长亡灵,10,7,norgannon,False,19
173,0,8,deathwing,False,1,磁力圣盾机械,0,7,norgannon,False,19
173,1,1,omu,False,8,光牙混合,0,4,norgannon,False,18
173,1,2,guff,True,7,全局加攻亡灵,3,5,norgannon,False,18
173,1,3,ragnaros,False,2,手牌培育鱼人,0,7,norgannon,False,18
173,1,4,alakir,True,5,灵活过渡,2,6,norgannon,False,18
173,1,5,nzoth,False,4,永久增益龙,0,6,norgannon,False,18
173,1,6,edwin,True,6,跳蛙亡语野兽,3,6,norgannon,False,18
173,1,7,cthun,False,1,空中海盗跳操,0,7,norgannon,False,18
173,1,8,deathwing,True,3,受伤成长野兽,8,7,norgannon,False,18
174,0,1,patchwerk,False,7,空中海盗跳操,0,6,might,True,18
174,0,2,pyramad,True,5,野兽召唤,7,6,might,True,18
174,0,3,jaraxxus,False,4,灵活过渡,0,6,might,True,18
174,0,4,yogg,True,2,空中海盗跳操,9,6,might,True,18
174,0,5,george,False,3,空中海盗跳操,0,6,might,True,18
174,0,6,millificent,True,8,全局加攻亡灵,3,5,might,True,18
174,0,7,kaelthas,False,1,回合末磁力机械,0,6,might,True,18
174,0,8,deryl,True,6,空中海盗跳操,7,6,might,True,18
174,1,1,patchwerk,True,7,跳蛙亡语野兽,7,6,might,True,17
174,1,2,pyramad,False,6,手牌合唱鱼人,0,6,might,True,17
174,1,3,jaraxxus,True,5,诈骗犯扩容海盗,5,6,might,True,17
174,1,4,yogg,False,3,空中海盗跳操,0,6,might,True,17
174,1,5,george,True,2,空中海盗跳操,14,6,might,True,17
174,1,6,millificent,False,1,法术增益龙,0,6,might,True,17
174,1,7,kaelthas,True,4,跳蛙亡语野兽,5,6,might,True,17
174,1,8,deryl,False,8,空中海盗跳操,0,6,might,True,17
175,0,1,snake_eyes,True,5,全局加攻亡灵,5,6,fortitude,False,19
175,0,2,taethelan,False,3,空中海盗跳操,0,6,fortitude,False,19
175,0,3,hollidae,True,2,回合末磁力机械,9,6,fortitude,False,19
175,0,4,king_laohan,False,7,手牌培育鱼人,0,5,fortitude,False,19
175,0,5,nozdormu,True,1,跳蛙亡语野兽,5,6,fortitude,False,19
175,0,6,alexstrasza,False,8,自伤成长恶魔,0,5,fortitude,False,19
175,0,7,patches,True,4,诈骗犯扩容海盗,1,6,fortitude,False,19
175,0,8,lich_king,False,6,全局加攻亡灵,0,6,fortitude,False,19
175,1,1,snake_eyes,False,3,手牌合唱鱼人,0,6,fortitude,False,16
175,1,2,taethelan,True,7,吞食成长恶魔,1,5,fortitude,False,16
175,1,3,hollidae,False,2,受伤成长野兽,0,6,fortitude,False,16
175,1,4,king_laohan,True,5,空中海盗跳操,4,6,fortitude,False,16
175,1,5,nozdormu,False,8,全局加攻亡灵,0,4,fortitude,False,16
175,1,6,alexstrasza,True,1,宰割复生亡灵,6,6,fortitude,False,16
175,1,7,patches,False,6,霍格买卖海盗,0,6,fortitude,False,16
175,1,8,lich_king,True,4,伊丽扎攻击海盗,2,6,fortitude,False,16
176,0,1,teron,False,5,特塞斯买卖海盗,0,6,grapnel,True,16
176,0,2,rat_king,True,2,空中海盗跳操,11,6,grapnel,True,16
176,0,3,wagtoggle,False,3,永久增益龙,0,6,grapnel,True,16
176,0,4,kragg,True,4,自伤成长恶魔,7,6,grapnel,True,16
176,0,5,gallywix,False,8,永久增益龙,0,5,grapnel,True,16
176,0,6,omu,True,7,跳蛙亡语野兽,2,5,grapnel,True,16
176,0,7,guff,False,6,卡雷战吼龙,0,6,grapnel,True,16
176,0,8,ragnaros,True,1,跳蛙亡语野兽,8,6,grapnel,True,16
176,1,1,teron,True,6,吞食成长恶魔,8,6,grapnel,True,18
176,1,2,rat_king,False,8,诈骗犯扩容海盗,0,5,grapnel,True,18
176,1,3,wagtoggle,True,4,磁力圣盾机械,2,6,grapnel,True,18
176,1,4,kragg,False,5,永久增益龙,0,6,grapnel,True,18
176,1,5,gallywix,True,3,跳蛙亡语野兽,11,6,grapnel,True,18
176,1,6,omu,False,7,受伤成长野兽,0,5,grapnel,True,18
176,1,7,guff,True,1,复生永久成长亡灵,7,6,grapnel,True,18
176,1,8,ragnaros,False,2,手牌培育鱼人,0,6,grapnel,True,18
177,0,1,alakir,True,8,诈骗犯扩容海盗,1,4,double_header,False,18
177,0,2,nzoth,False,7,永久增益龙,0,5,double_header,False,18
177,0,3,edwin,True,6,空中海盗跳操,7,5,double_header,False,18
177,0,4,cthun,False,2,受伤成长野兽,0,6,double_header,False,18
177,0,5,deathwing,True,4,买卖成长海盗,6,6,double_header,False,18
177,0,6,patchwerk,False,1,空中海盗跳操,0,6,double_header,False,18
177,0,7,pyramad,True,3,空中海盗跳操,10,6,double_header,False,18
177,0,8,jaraxxus,False,5,野兽召唤,0,5,double_header,False,18
177,1,1,alakir,False,6,霍格买卖海盗,0,5,double_header,False,20
177,1,2,nzoth,True,7,野兽召唤,5,5,double_header,False,20
177,1,3,edwin,False,5,空中海盗跳操,0,6,double_header,False,20
177,1,4,cthun,True,1,跳蛙亡语野兽,12,6,double_header,False,20
177,1,5,deathwing,False,3,特塞斯买卖海盗,0,6,double_header,False,20
177,1,6,patchwerk,True,4,空中海盗跳操,8,6,double_header,False,20
177,1,7,pyramad,False,2,野兽召唤,0,6,double_header,False,20
177,1,8,jaraxxus,True,8,跳蛙亡语野兽,7,5,double_header,False,20
178,0,1,yogg,False,1,空中海盗跳操,0,6,prudence,True,15
178,0,2,george,True,5,全局加攻亡灵,4,5,prudence,True,15
178,0,3,millificent,False,4,光牙混合,0,5,prudence,True,15
178,0,4,kaelthas,True,2,受伤成长野兽,5,6,prudence,True,15
178,0,5,deryl,False,3,自伤成长恶魔,0,6,prudence,True,15
178,0,6,snake_eyes,True,7,买卖成长海盗,2,5,prudence,True,15
178,0,7,taethelan,False,8,自伤成长恶魔,0,4,prudence,True,15
178,0,8,hollidae,True,6,买卖成长海盗,5,5,prudence,True,15
178,1,1,yogg,True,2,跳蛙亡语野兽,9,6,prudence,True,19
178,1,2,george,False,1,永久增益龙,0,6,prudence,True,19
178,1,3,millificent,True,8,宰割复生亡灵,5,4,prudence,True,19
178,1,4,kaelthas,False,3,空中海盗跳操,0,6,prudence,True,19
178,1,5,deryl,True,7,灵活过渡,2,4,prudence,True,19
178,1,6,snake_eyes,False,4,光牙混合,0,6,prudence,True,19
178,1,7,taethelan,True,6,吞食成长恶魔,4,5,prudence,True,19
178,1,8,hollidae,False,5,光牙混合,0,6,prudence,True,19
179,0,1,king_laohan,True,6,回合末磁力机械,1,6,factory_line,False,18
179,0,2,nozdormu,False,4,永久增益龙,0,6,factory_line,False,18
179,0,3,alexstrasza,True,1,跳蛙亡语野兽,13,6,factory_line,False,18
179,0,4,patches,False,8,空中海盗跳操,0,5,factory_line,False,18
179,0,5,lich_king,True,5,宰割复生亡灵,3,6,factory_line,False,18
179,0,6,teron,False,7,跳蛙亡语野兽,0,5,factory_line,False,18
179,0,7,rat_king,True,3,跳蛙亡语野兽,5,6,factory_line,False,18
179,0,8,wagtoggle,False,2,野兽召唤,0,6,factory_line,False,18
179,1,1,king_laohan,False,8,空中海盗跳操,0,4,factory_line,False,16
179,1,2,nozdormu,True,4,特塞斯买卖海盗,7,6,factory_line,False,16
179,1,3,alexstrasza,False,3,永久增益龙,0,6,factory_line,False,16
179,1,4,patches,True,7,买卖成长海盗,1,4,factory_line,False,16
179,1,5,lich_king,False,1,受伤成长野兽,0,6,factory_line,False,16
179,1,6,teron,True,5,野兽召唤,6,6,factory_line,False,16
179,1,7,rat_king,False,2,受伤成长野兽,0,6,factory_line,False,16
179,1,8,wagtoggle,True,6,灵活过渡,7,6,factory_line,False,16
180,0,1,kragg,False,8,全局加攻亡灵,0,5,no_face_no_case,True,16
180,0,2,gallywix,True,3,空中海盗跳操,4,6,no_face_no_case,True,16
180,0,3,omu,False,4,永久增益龙,0,6,no_face_no_case,True,16
180,0,4,guff,True,7,跳蛙亡语野兽,4,5,no_face_no_case,True,16
180,0,5,ragnaros,False,1,特塞斯买卖海盗,0,6,no_face_no_case,True,16
180,0,6,alakir,True,5,买卖成长海盗,3,6,no_face_no_case,True,16
180,0,7,nzoth,False,2,受伤成长野兽,0,6,no_face_no_case,True,16
180,0,8,edwin,True,6,买卖成长海盗,4,5,no_face_no_case,True,16
180,1,1,kragg,True,5,特塞斯买卖海盗,6,5,no_face_no_case,True,17
180,1,2,gallywix,False,8,自伤成长恶魔,0,4,no_face_no_case,True,17
180,1,3,omu,True,2,空中海盗跳操,8,6,no_face_no_case,True,17
180,1,4,guff,False,6,受伤成长野兽,0,5,no_face_no_case,True,17
180,1,5,ragnaros,True,3,空中海盗跳操,6,6,no_face_no_case,True,17
180,1,6,alakir,False,7,空中海盗跳操,0,5,no_face_no_case,True,17
180,1,7,nzoth,True,1,伊丽扎攻击海盗,8,6,no_face_no_case,True,17
180,1,8,edwin,False,4,受伤成长野兽,0,6,no_face_no_case,True,17
181,0,1,cthun,True,1,诈骗犯扩容海盗,13,6,instant_warband,False,18
181,0,2,deathwing,False,4,受伤成长野兽,0,6,instant_warband,False,18
181,0,3,patchwerk,True,8,全局加攻亡灵,3,5,instant_warband,False,18
181,0,4,pyramad,False,2,受伤成长野兽,0,6,instant_warband,False,18
181,0,5,jaraxxus,True,6,跳蛙亡语野兽,4,6,instant_warband,False,18
181,0,6,yogg,False,5,受伤成长野兽,0,6,instant_warband,False,18
181,0,7,george,True,7,跳蛙亡语野兽,9,5,instant_warband,False,18
181,0,8,millificent,False,3,叠盾成长龙,0,6,instant_warband,False,18
181,1,1,cthun,False,3,跳蛙亡语野兽,0,6,instant_warband,False,24
181,1,2,deathwing,True,6,回合成长龙,3,5,instant_warband,False,24
181,1,3,patchwerk,False,2,吞食成长恶魔,0,6,instant_warband,False,24
181,1,4,pyramad,True,4,跳蛙亡语野兽,12,6,instant_warband,False,24
181,1,5,jaraxxus,False,7,灵活过渡,0,5,instant_warband,False,24
181,1,6,yogg,True,5,跳蛙亡语野兽,7,6,instant_warband,False,24
181,1,7,george,False,1,受伤成长野兽,0,6,instant_warband,False,24
181,1,8,millificent,True,8,受伤成长野兽,6,5,instant_warband,False,24
182,0,1,kaelthas,False,5,永久增益龙,0,6,off,True,15
182,0,2,deryl,True,3,空中海盗跳操,6,6,off,True,15
182,0,3,snake_eyes,False,6,空中海盗跳操,0,6,off,True,15
182,0,4,taethelan,True,4,回合成长龙,3,6,off,True,15
182,0,5,hollidae,False,7,回合成长龙,0,5,off,True,15
182,0,6,king_laohan,True,8,法术增益龙,0,5,off,True,15
182,0,7,nozdormu,False,1,宰割复生亡灵,0,6,off,True,15
182,0,8,alexstrasza,True,2,全局加攻亡灵,8,6,off,True,15
182,1,1,kaelthas,True,4,空中海盗跳操,11,6,off,True,20
182,1,2,deryl,False,1,磁力复制机械,0,6,off,True,20
182,1,3,snake_eyes,True,5,诈骗犯扩容海盗,4,6,off,True,20
182,1,4,taethelan,False,7,回合成长龙,0,6,off,True,20
182,1,5,hollidae,True,8,手牌合唱鱼人,5,5,off,True,20
182,1,6,king_laohan,False,6,法术增益龙,0,6,off,True,20
182,1,7,nozdormu,True,2,全局加攻亡灵,5,6,off,True,20
182,1,8,alexstrasza,False,3,法术增益龙,0,6,off,True,20
183,0,1,patches,True,7,空中海盗跳操,5,6,refresh,False,18
183,0,2,lich_king,False,3,永久增益龙,0,6,refresh,False,18
183,0,3,teron,True,5,伊丽扎攻击海盗,7,6,refresh,False,18
183,0,4,rat_king,False,8,娜拉法术混合,0,5,refresh,False,18
183,0,5,wagtoggle,True,6,空中海盗跳操,6,6,refresh,False,18
183,0,6,kragg,False,4,受伤成长野兽,0,6,refresh,False,18
183,0,7,gallywix,True,1,伊丽扎攻击海盗,10,6,refresh,False,18
183,0,8,omu,False,2,受伤成长野兽,0,6,refresh,False,18
183,1,1,patches,False,8,买卖成长海盗,0,4,refresh,False,18
183,1,2,lich_king,True,1,空中海盗跳操,14,6,refresh,False,18
183,1,3,teron,False,3,吞食成长恶魔,0,6,refresh,False,18
183,1,4,rat_king,True,5,受伤成长野兽,6,6,refresh,False,18
183,1,5,wagtoggle,False,6,叠盾成长龙,0,5,refresh,False,18
183,1,6,kragg,True,4,跳蛙亡语野兽,4,6,refresh,False,18
183,1,7,gallywix,False,7,灵活过渡,0,4,refresh,False,18
183,1,8,omu,True,2,空中海盗跳操,7,6,refresh,False,18
184,0,1,guff,False,4,受伤成长野兽,0,6,crowded,True,21
184,0,2,ragnaros,True,3,空中海盗跳操,7,6,crowded,True,21
184,0,3,alakir,False,6,永久增益龙,0,5,crowded,True,21
184,0,4,nzoth,True,7,手牌合唱鱼人,3,5,crowded,True,21
184,0,5,edwin,False,8,永久增益龙,0,5,crowded,True,21
184,0,6,cthun,True,1,跳蛙亡语野兽,15,6,crowded,True,21
184,0,7,deathwing,False,5,原创法术龙,0,5,crowded,True,21
184,0,8,patchwerk,True,2,受伤成长野兽,8,6,crowded,True,21
184,1,1,guff,True,4,空中海盗跳操,19,6,crowded,True,16
184,1,2,ragnaros,False,2,受伤成长野兽,0,6,crowded,True,16
184,1,3,alakir,True,1,空中海盗跳操,12,6,crowded,True,16
184,1,4,nzoth,False,6,空中海盗跳操,0,6,crowded,True,16
184,1,5,edwin,True,8,跳蛙亡语野兽,9,5,crowded,True,16
184,1,6,cthun,False,5,全局加攻亡灵,0,6,crowded,True,16
184,1,7,deathwing,True,7,自伤成长恶魔,9,5,crowded,True,16
184,1,8,patchwerk,False,3,空中海盗跳操,0,6,crowded,True,16
185,0,1,pyramad,True,3,空中海盗跳操,12,6,seventh_reward,False,18
185,0,2,jaraxxus,False,4,全局加攻亡灵,0,6,seventh_reward,False,18
185,0,3,yogg,True,6,灵活过渡,4,4,seventh_reward,False,18
185,0,4,george,False,7,自伤成长恶魔,0,4,seventh_reward,False,18
185,0,5,millificent,True,8,磁力圣盾机械,0,4,seventh_reward,False,18
185,0,6,kaelthas,False,2,自伤成长恶魔,0,6,seventh_reward,False,18
185,0,7,deryl,True,1,伊丽扎攻击海盗,7,6,seventh_reward,False,18
185,0,8,snake_eyes,False,5,受伤成长野兽,0,5,seventh_reward,False,18
185,1,1,pyramad,False,4,野兽召唤,0,6,seventh_reward,False,19
185,1,2,jaraxxus,True,3,伊丽扎攻击海盗,1,6,seventh_reward,False,19
185,1,3,yogg,False,8,空中海盗跳操,0,4,seventh_reward,False,19
185,1,4,george,True,5,吞食成长恶魔,3,5,seventh_reward,False,19
185,1,5,millificent,False,7,永久增益龙,0,4,seventh_reward,False,19
185,1,6,kaelthas,True,1,吞食成长恶魔,8,6,seventh_reward,False,19
185,1,7,deryl,False,6,空中海盗跳操,0,5,seventh_reward,False,19
185,1,8,snake_eyes,True,2,受伤成长野兽,11,6,seventh_reward,False,19
186,0,1,taethelan,False,2,空中海盗跳操,0,6,norgannon,True,15
186,0,2,hollidae,True,1,跳蛙亡语野兽,4,7,norgannon,True,15
186,0,3,king_laohan,False,3,空中海盗跳操,0,6,norgannon,True,15
186,0,4,nozdormu,True,8,受伤成长野兽,0,5,norgannon,True,15
186,0,5,alexstrasza,False,7,自伤成长恶魔,0,5,norgannon,True,15
186,0,6,patches,True,6,空中海盗跳操,1,5,norgannon,True,15
186,0,7,lich_king,False,5,空中海盗跳操,0,5,norgannon,True,15
186,0,8,teron,True,4,全局加攻亡灵,0,6,norgannon,True,15
186,1,1,taethelan,True,7,跳蛙亡语野兽,7,6,norgannon,True,18
186,1,2,hollidae,False,8,全局加攻亡灵,0,5,norgannon,True,18
186,1,3,king_laohan,True,6,手牌合唱鱼人,0,6,norgannon,True,18
186,1,4,nozdormu,False,2,全局加攻亡灵,0,7,norgannon,True,18
186,1,5,alexstrasza,True,5,全局加攻亡灵,3,6,norgannon,True,18
186,1,6,patches,False,1,空中海盗跳操,0,7,norgannon,True,18
186,1,7,lich_king,True,3,获牌成长海盗,3,7,norgannon,True,18
186,1,8,teron,False,4,小瞎眼回合末战吼,0,6,norgannon,True,18
187,0,1,rat_king,True,4,伊丽扎攻击海盗,2,6,might,False,18
187,0,2,wagtoggle,False,2,永久增益龙,0,6,might,False,18
187,0,3,kragg,True,3,空中海盗跳操,9,6,might,False,18
187,0,4,gallywix,False,5,受伤成长野兽,0,5,might,False,18
187,0,5,omu,True,8,跳蛙亡语野兽,3,5,might,False,18
187,0,6,guff,False,6,光牙混合,0,5,might,False,18
187,0,7,ragnaros,True,1,跳蛙亡语野兽,9,6,might,False,18
187,0,8,alakir,False,7,全局加攻亡灵,0,5,might,False,18
187,1,1,rat_king,False,8,跳蛙亡语野兽,0,5,might,False,21
187,1,2,wagtoggle,True,1,全局加攻亡灵,8,6,might,False,21
187,1,3,kragg,False,4,特塞斯买卖海盗,0,6,might,False,21
187,1,4,gallywix,True,2,跳蛙亡语野兽,3,6,might,False,21
187,1,5,omu,False,5,光牙混合,0,6,might,False,21
187,1,6,guff,True,7,空中海盗跳操,4,5,might,False,21
187,1,7,ragnaros,False,3,手牌合唱鱼人,0,6,might,False,21
187,1,8,alakir,True,6,受伤成长野兽,4,6,might,False,21
188,0,1,nzoth,False,4,特塞斯买卖海盗,0,6,fortitude,True,20
188,0,2,edwin,True,7,全局加攻亡灵,2,5,fortitude,True,20
188,0,3,cthun,False,5,受伤成长野兽,0,6,fortitude,True,20
188,0,4,deathwing,True,2,跳蛙亡语野兽,10,6,fortitude,True,20
188,0,5,patchwerk,False,8,永久增益龙,0,5,fortitude,True,20
188,0,6,pyramad,True,3,全局加攻亡灵,9,6,fortitude,True,20
188,0,7,jaraxxus,False,6,空中海盗跳操,0,5,fortitude,True,20
188,0,8,yogg,True,1,全局加攻亡灵,12,6,fortitude,True,20
188,1,1,nzoth,True,1,手牌合唱鱼人,7,6,fortitude,True,20
188,1,2,edwin,False,8,回合成长龙,0,4,fortitude,True,20
188,1,3,cthun,True,4,喷子亡语恶魔,10,6,fortitude,True,20
188,1,4,deathwing,False,2,受伤成长野兽,0,6,fortitude,True,20
188,1,5,patchwerk,True,5,跳蛙亡语野兽,10,6,fortitude,True,20
188,1,6,pyramad,False,3,空中海盗跳操,0,6,fortitude,True,20
188,1,7,jaraxxus,True,7,跳蛙亡语野兽,3,5,fortitude,True,20
188,1,8,yogg,False,6,永久增益龙,0,6,fortitude,True,20
189,0,1,george,True,8,手牌合唱鱼人,4,5,grapnel,False,16
189,0,2,millificent,False,5,永久增益龙,0,6,grapnel,False,16
189,0,3,kaelthas,True,4,空中海盗跳操,4,6,grapnel,False,16
189,0,4,deryl,False,2,永久增益龙,0,6,grapnel,False,16
189,0,5,snake_eyes,True,1,宰割复生亡灵,16,6,grapnel,False,16
189,0,6,taethelan,False,6,特塞斯买卖海盗,0,6,grapnel,False,16
189,0,7,hollidae,True,7,买卖成长海盗,6,6,grapnel,False,16
189,0,8,king_laohan,False,3,光牙混合,0,6,grapnel,False,16
189,1,1,george,False,1,空中海盗跳操,0,6,grapnel,False,15
189,1,2,millificent,True,3,跳蛙亡语野兽,6,6,grapnel,False,15
189,1,3,kaelthas,False,5,全局加攻亡灵,0,6,grapnel,False,15
189,1,4,deryl,True,6,受伤成长野兽,8,5,grapnel,False,15
189,1,5,snake_eyes,False,2,卡雷战吼龙,0,6,grapnel,False,15
189,1,6,taethelan,True,8,灵活过渡,6,5,grapnel,False,15
189,1,7,hollidae,False,7,原创法术龙,0,5,grapnel,False,15
189,1,8,king_laohan,True,4,小瞎眼回合末战吼,8,6,grapnel,False,15
190,0,1,nozdormu,False,6,自伤成长恶魔,0,5,double_header,True,17
190,0,2,alexstrasza,True,7,野兽召唤,3,4,double_header,True,17
190,0,3,patches,False,8,全局加攻亡灵,0,4,double_header,True,17
190,0,4,lich_king,True,1,空中海盗跳操,11,6,double_header,True,17
190,0,5,teron,False,5,永久增益龙,0,6,double_header,True,17
190,0,6,rat_king,True,3,买卖成长海盗,9,6,double_header,True,17
190,0,7,wagtoggle,False,2,原创法术龙,0,6,double_header,True,17
190,0,8,kragg,True,4,跳蛙亡语野兽,12,6,double_header,True,17
190,1,1,nozdormu,True,1,空中海盗跳操,14,6,double_header,True,16
190,1,2,alexstrasza,False,4,永久增益龙,0,6,double_header,True,16
190,1,3,patches,True,7,空中海盗跳操,6,5,double_header,True,16
190,1,4,lich_king,False,8,霍格买卖海盗,0,5,double_header,True,16
190,1,5,teron,True,6,空中海盗跳操,2,5,double_header,True,16
190,1,6,rat_king,False,3,受伤成长野兽,0,6,double_header,True,16
190,1,7,wagtoggle,True,5,买卖成长海盗,8,5,double_header,True,16
190,1,8,kragg,False,2,法术增益龙,0,6,double_header,True,16
191,0,1,gallywix,True,6,手牌合唱鱼人,1,5,prudence,False,20
191,0,2,omu,False,7,灵活过渡,0,5,prudence,False,20
191,0,3,guff,True,8,买卖成长海盗,1,5,prudence,False,20
191,0,4,ragnaros,False,3,伊丽扎攻击海盗,0,6,prudence,False,20
191,0,5,alakir,True,4,受伤成长野兽,1,6,prudence,False,20
191,0,6,nzoth,False,2,吞食成长恶魔,0,6,prudence,False,20
191,0,7,edwin,True,5,诈骗犯扩容海盗,5,5,prudence,False,20
191,0,8,cthun,False,1,永久增益龙,0,6,prudence,False,20
191,1,1,gallywix,False,7,灵活过渡,0,5,prudence,False,23
191,1,2,omu,True,5,买卖成长海盗,5,5,prudence,False,23
191,1,3,guff,False,8,光牙混合,0,5,prudence,False,23
191,1,4,ragnaros,True,1,空中海盗跳操,12,6,prudence,False,23
191,1,5,alakir,False,3,永久增益龙,0,6,prudence,False,23
191,1,6,nzoth,True,6,手牌合唱鱼人,2,5,prudence,False,23
191,1,7,edwin,False,4,回合成长龙,0,6,prudence,False,23
191,1,8,cthun,True,2,永久增益龙,2,6,prudence,False,23
192,0,1,deathwing,False,1,空中海盗跳操,0,6,factory_line,True,16
192,0,2,patchwerk,True,4,跳蛙亡语野兽,9,6,factory_line,True,16
192,0,3,pyramad,False,5,手牌合唱鱼人,0,6,factory_line,True,16
192,0,4,jaraxxus,True,2,买卖成长海盗,3,6,factory_line,True,16
192,0,5,yogg,False,6,法术增益龙,0,6,factory_line,True,16
192,0,6,george,True,3,伊丽扎攻击海盗,4,6,factory_line,True,16
192,0,7,millificent,False,7,光牙混合,0,5,factory_line,True,16
192,0,8,kaelthas,True,8,跳蛙亡语野兽,7,5,factory_line,True,16
192,1,1,deathwing,True,7,跳蛙亡语野兽,12,6,factory_line,True,17
192,1,2,patchwerk,False,4,永久增益龙,0,6,factory_line,True,17
192,1,3,pyramad,True,5,空中海盗跳操,7,6,factory_line,True,17
192,1,4,jaraxxus,False,1,回合末磁力机械,0,6,factory_line,True,17
192,1,5,yogg,True,3,跳蛙亡语野兽,14,6,factory_line,True,17
192,1,6,george,False,2,全局加攻亡灵,0,6,factory_line,True,17
192,1,7,millificent,True,6,跳蛙亡语野兽,6,6,factory_line,True,17
192,1,8,kaelthas,False,8,全局加攻亡灵,0,4,factory_line,True,17
193,0,1,deryl,True,5,空中海盗跳操,2,6,no_face_no_case,False,17
193,0,2,snake_eyes,False,1,永久增益龙,0,6,no_face_no_case,False,17
193,0,3,taethelan,True,2,空中海盗跳操,9,6,no_face_no_case,False,17
193,0,4,hollidae,False,3,原创法术龙,0,6,no_face_no_case,False,17
193,0,5,king_laohan,True,6,空中海盗跳操,4,6,no_face_no_case,False,17
193,0,6,nozdormu,False,4,野兽召唤,0,6,no_face_no_case,False,17
193,0,7,alexstrasza,True,7,跳蛙亡语野兽,7,5,no_face_no_case,False,17
193,0,8,patches,False,8,买卖成长海盗,0,5,no_face_no_case,False,17
193,1,1,deryl,False,6,获牌成长海盗,0,5,no_face_no_case,False,16
193,1,2,snake_eyes,True,7,买卖成长海盗,4,5,no_face_no_case,False,16
193,1,3,taethelan,False,4,特塞斯买卖海盗,0,6,no_face_no_case,False,16
193,1,4,hollidae,True,3,跳蛙亡语野兽,14,6,no_face_no_case,False,16
193,1,5,king_laohan,False,8,空中海盗跳操,0,5,no_face_no_case,False,16
193,1,6,nozdormu,True,2,受伤成长野兽,7,6,no_face_no_case,False,16
193,1,7,alexstrasza,False,1,法术增益龙,0,6,no_face_no_case,False,16
193,1,8,patches,True,5,买卖成长海盗,1,6,no_face_no_case,False,16
194,0,1,lich_king,False,1,永久增益龙,0,6,instant_warband,True,16
194,0,2,teron,True,5,买卖成长海盗,3,5,instant_warband,True,16
194,0,3,rat_king,False,3,吞食成长恶魔,0,6,instant_warband,True,16
194,0,4,wagtoggle,True,7,空中海盗跳操,4,5,instant_warband,True,16
194,0,5,kragg,False,8,空中海盗跳操,0,4,instant_warband,True,16
194,0,6,gallywix,True,6,诈骗犯扩容海盗,5,5,instant_warband,True,16
194,0,7,omu,False,2,磁力圣盾机械,0,6,instant_warband,True,16
194,0,8,guff,True,4,空中海盗跳操,8,6,instant_warband,True,16
194,1,1,lich_king,True,6,霍格买卖海盗,9,6,instant_warband,True,21
194,1,2,teron,False,3,永久增益龙,0,6,instant_warband,True,21
194,1,3,rat_king,True,7,野兽召唤,4,5,instant_warband,True,21
194,1,4,wagtoggle,False,4,跳蛙亡语野兽,0,6,instant_warband,True,21
194,1,5,kragg,True,1,野兽召唤,12,6,instant_warband,True,21
194,1,6,gallywix,False,2,空中海盗跳操,0,6,instant_warband,True,21
194,1,7,omu,True,5,空中海盗跳操,1,6,instant_warband,True,21
194,1,8,guff,False,8,永久增益龙,0,4,instant_warband,True,21
195,0,1,ragnaros,True,3,跳蛙亡语野兽,12,6,off,False,21
195,0,2,alakir,False,2,法术增益龙,0,6,off,False,21
195,0,3,nzoth,True,6,自伤成长恶魔,3,5,off,False,21
195,0,4,edwin,False,7,空中海盗跳操,0,5,off,False,21
195,0,5,cthun,True,1,受伤成长野兽,11,6,off,False,21
195,0,6,deathwing,False,4,娜拉法术混合,0,6,off,False,21
195,0,7,patchwerk,True,8,全局加攻亡灵,4,5,off,False,21
195,0,8,pyramad,False,5,娜拉法术混合,0,6,off,False,21
195,1,1,ragnaros,False,2,自伤成长恶魔,0,6,off,False,20
195,1,2,alakir,True,6,跳蛙亡语野兽,3,6,off,False,20
195,1,3,nzoth,False,4,跳蛙亡语野兽,0,6,off,False,20
195,1,4,edwin,True,7,全局加攻亡灵,5,5,off,False,20
195,1,5,cthun,False,3,受伤成长野兽,0,6,off,False,20
195,1,6,deathwing,True,1,跳蛙亡语野兽,7,6,off,False,20
195,1,7,patchwerk,False,8,买卖成长海盗,0,5,off,False,20
195,1,8,pyramad,True,5,吞食成长恶魔,4,6,off,False,20
196,0,1,jaraxxus,False,4,获牌成长海盗,0,6,refresh,True,16
196,0,2,yogg,True,6,吞食成长恶魔,0,5,refresh,True,16
196,0,3,george,False,8,获牌成长海盗,0,4,refresh,True,16
196,0,4,millificent,True,5,跳蛙亡语野兽,10,6,refresh,True,16
196,0,5,kaelthas,False,3,回合末磁力机械,0,6,refresh,True,16
196,0,6,deryl,True,7,空中海盗跳操,2,4,refresh,True,16
196,0,7,snake_eyes,False,2,原创法术龙,0,6,refresh,True,16
196,0,8,taethelan,True,1,永久增益龙,9,6,refresh,True,16
196,1,1,jaraxxus,True,5,空中海盗跳操,5,6,refresh,True,20
196,1,2,yogg,False,3,法术增益龙,0,6,refresh,True,20
196,1,3,george,True,7,跳蛙亡语野兽,0,5,refresh,True,20
196,1,4,millificent,False,2,手牌培育鱼人,0,6,refresh,True,20
196,1,5,kaelthas,True,4,空中海盗跳操,1,6,refresh,True,20
196,1,6,deryl,False,8,买卖成长海盗,0,4,refresh,True,20
196,1,7,snake_eyes,True,1,全局加攻亡灵,9,6,refresh,True,20
196,1,8,taethelan,False,6,受伤成长野兽,0,6,refresh,True,20
197,0,1,hollidae,True,6,空中海盗跳操,1,6,crowded,False,19
197,0,2,king_laohan,False,7,永久增益龙,0,5,crowded,False,19
197,0,3,nozdormu,True,2,跳蛙亡语野兽,12,6,crowded,False,19
197,0,4,alexstrasza,False,4,吞食成长恶魔,0,6,crowded,False,19
197,0,5,patches,True,8,受伤成长野兽,0,5,crowded,False,19
197,0,6,lich_king,False,5,伊丽扎攻击海盗,0,6,crowded,False,19
197,0,7,teron,True,3,空中海盗跳操,8,6,crowded,False,19
197,0,8,rat_king,False,1,受伤成长野兽,0,6,crowded,False,19
197,1,1,hollidae,False,3,特塞斯买卖海盗,0,6,crowded,False,17
197,1,2,king_laohan,True,5,受伤成长野兽,2,6,crowded,False,17
197,1,3,nozdormu,False,4,空中海盗跳操,0,6,crowded,False,17
197,1,4,alexstrasza,True,1,受伤成长野兽,10,6,crowded,False,17
197,1,5,patches,False,8,买卖成长海盗,0,4,crowded,False,17
197,1,6,lich_king,True,7,霍格买卖海盗,7,6,crowded,False,17
197,1,7,teron,False,2,吞食成长恶魔,0,6,crowded,False,17
197,1,8,rat_king,True,6,跳蛙亡语野兽,6,6,crowded,False,17
198,0,1,wagtoggle,False,6,受伤成长野兽,0,4,seventh_reward,True,18
198,0,2,kragg,True,1,小瞎眼回合末战吼,6,6,seventh_reward,True,18
198,0,3,gallywix,False,5,永久增益龙,0,5,seventh_reward,True,18
198,0,4,omu,True,3,受伤成长野兽,3,6,seventh_reward,True,18
198,0,5,guff,False,4,灵活过渡,0,5,seventh_reward,True,18
198,0,6,ragnaros,True,2,买卖成长海盗,3,6,seventh_reward,True,18
198,0,7,alakir,False,8,灵活过渡,0,4,seventh_reward,True,18
198,0,8,nzoth,True,7,永久增益龙,0,4,seventh_reward,True,18
198,1,1,wagtoggle,True,6,受伤成长野兽,8,5,seventh_reward,True,14
198,1,2,kragg,False,4,获牌成长海盗,0,5,seventh_reward,True,14
198,1,3,gallywix,True,5,喷子亡语恶魔,3,5,seventh_reward,True,14
198,1,4,omu,False,2,受伤成长野兽,0,6,seventh_reward,True,14
198,1,5,guff,True,7,买卖成长海盗,1,4,seventh_reward,True,14
198,1,6,ragnaros,False,1,灵活过渡,0,6,seventh_reward,True,14
198,1,7,alakir,True,3,跳蛙亡语野兽,10,5,seventh_reward,True,14
198,1,8,nzoth,False,8,灵活过渡,0,4,seventh_reward,True,14
199,0,1,edwin,True,8,买卖成长海盗,4,5,norgannon,False,22
199,0,2,cthun,False,2,吞食成长恶魔,0,7,norgannon,False,22
199,0,3,deathwing,True,7,霍格买卖海盗,6,6,norgannon,False,22
199,0,4,patchwerk,False,3,自伤成长恶魔,0,7,norgannon,False,22
199,0,5,pyramad,True,1,跳蛙亡语野兽,10,7,norgannon,False,22
199,0,6,jaraxxus,False,4,诈骗犯扩容海盗,0,6,norgannon,False,22
199,0,7,yogg,True,5,全局加攻亡灵,7,6,norgannon,False,22
199,0,8,george,False,6,灵活过渡,0,6,norgannon,False,22
199,1,1,edwin,False,4,跳蛙亡语野兽,0,6,norgannon,False,18
199,1,2,cthun,True,1,跳蛙亡语野兽,8,7,norgannon,False,18
199,1,3,deathwing,False,7,原创法术龙,0,5,norgannon,False,18
199,1,4,patchwerk,True,3,自伤成长恶魔,7,7,norgannon,False,18
199,1,5,pyramad,False,2,磁力复制机械,0,7,norgannon,False,18
199,1,6,jaraxxus,True,8,买卖成长海盗,1,5,norgannon,False,18
199,1,7,yogg,False,5,小瞎眼回合末战吼,0,6,norgannon,False,18
199,1,8,george,True,6,诈骗犯扩容海盗,5,5,norgannon,False,18
200,0,1,millificent,False,8,受伤成长野兽,0,5,might,True,18
200,0,2,kaelthas,True,3,空中海盗跳操,3,6,might,True,18
200,0,3,deryl,False,7,受伤成长野兽,0,6,might,True,18
200,0,4,snake_eyes,True,1,全局加攻亡灵,9,6,might,True,18
200,0,5,taethelan,False,4,全局加攻亡灵,0,6,might,True,18
200,0,6,hollidae,True,2,原创法术龙,1,6,might,True,18
200,0,7,king_laohan,False,5,复生永久成长亡灵,0,5,might,True,18
200,0,8,nozdormu,True,6,诈骗犯扩容海盗,4,6,might,True,18
200,1,1,millificent,True,2,跳蛙亡语野兽,14,6,might,True,20
200,1,2,kaelthas,False,4,永久增益龙,0,6,might,True,20
200,1,3,deryl,True,7,吞食成长恶魔,4,5,might,True,20
200,1,4,snake_eyes,False,1,回合末磁力机械,0,6,might,True,20
200,1,5,taethelan,True,8,灵活过渡,2,5,might,True,20
200,1,6,hollidae,False,3,吞食成长恶魔,0,6,might,True,20
200,1,7,king_laohan,True,6,全局加攻亡灵,2,6,might,True,20
200,1,8,nozdormu,False,5,空中海盗跳操,0,6,might,True,20
201,0,1,alexstrasza,True,7,跳蛙亡语野兽,2,5,fortitude,False,19
201,0,2,patches,False,3,吞食成长恶魔,0,6,fortitude,False,19
201,0,3,lich_king,True,6,灵活过渡,3,5,fortitude,False,19
201,0,4,teron,False,5,受伤成长野兽,0,5,fortitude,False,19
201,0,5,rat_king,True,4,霍格买卖海盗,3,6,fortitude,False,19
201,0,6,wagtoggle,False,2,空中海盗跳操,0,6,fortitude,False,19
201,0,7,kragg,True,1,空中海盗跳操,6,6,fortitude,False,19
201,0,8,gallywix,False,8,全局加攻亡灵,0,5,fortitude,False,19
201,1,1,alexstrasza,False,5,受伤成长野兽,0,6,fortitude,False,16
201,1,2,patches,True,2,空中海盗跳操,12,6,fortitude,False,16
201,1,3,lich_king,False,4,永久增益龙,0,6,fortitude,False,16
201,1,4,teron,True,3,全局加攻亡灵,4,6,fortitude,False,16
201,1,5,rat_king,False,8,回合成长龙,0,5,fortitude,False,16
201,1,6,wagtoggle,True,7,霍格买卖海盗,1,5,fortitude,False,16
201,1,7,kragg,False,6,霍格买卖海盗,0,6,fortitude,False,16
201,1,8,gallywix,True,1,野兽召唤,11,6,fortitude,False,16
202,0,1,omu,False,8,永久增益龙,0,5,grapnel,True,19
202,0,2,guff,True,4,空中海盗跳操,10,6,grapnel,True,19
202,0,3,ragnaros,False,2,手牌合唱鱼人,0,6,grapnel,True,19
202,0,4,alakir,True,7,受伤成长野兽,12,6,grapnel,True,19
202,0,5,nzoth,False,1,永久增益龙,0,6,grapnel,True,19
202,0,6,edwin,True,5,永恒骑士亡灵,4,6,grapnel,True,19
202,0,7,cthun,False,3,永久增益龙,0,6,grapnel,True,19
202,0,8,deathwing,True,6,全局加攻亡灵,4,6,grapnel,True,19
202,1,1,omu,True,7,跳蛙亡语野兽,5,5,grapnel,True,19
202,1,2,guff,False,2,永久增益龙,0,6,grapnel,True,19
202,1,3,ragnaros,True,4,空中海盗跳操,10,6,grapnel,True,19
202,1,4,alakir,False,3,卡雷战吼龙,0,6,grapnel,True,19
202,1,5,nzoth,True,8,空中海盗跳操,4,5,grapnel,True,19
202,1,6,edwin,False,1,全局加攻亡灵,0,6,grapnel,True,19
202,1,7,cthun,True,5,回合成长龙,4,6,grapnel,True,19
202,1,8,deathwing,False,6,空中海盗跳操,0,6,grapnel,True,19
203,0,1,patchwerk,True,5,跳蛙亡语野兽,7,6,double_header,False,17
203,0,2,pyramad,False,4,复生永久成长亡灵,0,6,double_header,False,17
203,0,3,jaraxxus,True,8,手牌合唱鱼人,9,6,double_header,False,17
203,0,4,yogg,False,6,野兽召唤,0,6,double_header,False,17
203,0,5,george,True,1,跳蛙亡语野兽,7,6,double_header,False,17
203,0,6,millificent,False,3,复生永久成长亡灵,0,6,double_header,False,17
203,0,7,kaelthas,True,7,空中海盗跳操,7,6,double_header,False,17
203,0,8,deryl,False,2,光牙混合,0,6,double_header,False,17
203,1,1,patchwerk,False,3,永久增益龙,0,6,double_header,False,14
203,1,2,pyramad,True,4,小瞎眼回合末战吼,7,6,double_header,False,14
203,1,3,jaraxxus,False,7,娜拉法术混合,0,5,double_header,False,14
203,1,4,yogg,True,6,全局加攻亡灵,3,5,double_header,False,14
203,1,5,george,False,1,法术增益龙,0,6,double_header,False,14
203,1,6,millificent,True,5,空中海盗跳操,6,6,double_header,False,14
203,1,7,kaelthas,False,2,受伤成长野兽,0,6,double_header,False,14
203,1,8,deryl,True,8,跳蛙亡语野兽,2,5,double_header,False,14
204,0,1,snake_eyes,False,3,受伤成长野兽,0,6,prudence,True,16
204,0,2,taethelan,True,5,野兽召唤,5,5,prudence,True,16
204,0,3,hollidae,False,6,诈骗犯扩容海盗,0,5,prudence,True,16
204,0,4,king_laohan,True,7,空中海盗跳操,2,5,prudence,True,16
204,0,5,nozdormu,False,2,空中海盗跳操,0,6,prudence,True,16
204,0,6,alexstrasza,True,8,买卖成长海盗,5,5,prudence,True,16
204,0,7,patches,False,4,空中海盗跳操,0,6,prudence,True,16
204,0,8,lich_king,True,1,吞食成长恶魔,10,6,prudence,True,16
204,1,1,snake_eyes,True,1,回合末磁力机械,13,6,prudence,True,15
204,1,2,taethelan,False,6,受伤成长野兽,0,6,prudence,True,15
204,1,3,hollidae,True,8,买卖成长海盗,2,5,prudence,True,15
204,1,4,king_laohan,False,5,吞食成长恶魔,0,6,prudence,True,15
204,1,5,nozdormu,True,4,跳蛙亡语野兽,3,6,prudence,True,15
204,1,6,alexstrasza,False,7,空中海盗跳操,0,5,prudence,True,15
204,1,7,patches,True,2,空中海盗跳操,5,6,prudence,True,15
204,1,8,lich_king,False,3,回合末磁力机械,0,6,prudence,True,15
205,0,1,teron,True,8,灵活过渡,1,5,factory_line,False,19
205,0,2,rat_king,False,3,霍格买卖海盗,0,6,factory_line,False,19
205,0,3,wagtoggle,True,5,跳蛙亡语野兽,7,6,factory_line,False,19
205,0,4,kragg,False,2,空中海盗跳操,0,6,factory_line,False,19
205,0,5,gallywix,True,4,空中海盗跳操,9,6,factory_line,False,19
205,0,6,omu,False,7,吞食成长恶魔,0,5,factory_line,False,19
205,0,7,guff,True,6,回合成长龙,4,6,factory_line,False,19
205,0,8,ragnaros,False,1,永久增益龙,0,6,factory_line,False,19
205,1,1,teron,False,3,受伤成长野兽,0,6,factory_line,False,17
205,1,2,rat_king,True,6,买卖成长海盗,1,5,factory_line,False,17
205,1,3,wagtoggle,False,5,跳蛙亡语野兽,0,6,factory_line,False,17
205,1,4,kragg,True,8,诈骗犯扩容海盗,3,5,factory_line,False,17
205,1,5,gallywix,False,2,全局加攻亡灵,0,6,factory_line,False,17
205,1,6,omu,True,4,空中海盗跳操,11,6,factory_line,False,17
205,1,7,guff,False,7,自伤成长恶魔,0,5,factory_line,False,17
205,1,8,ragnaros,True,1,永恒骑士亡灵,13,6,factory_line,False,17
206,0,1,alakir,False,2,复生永久成长亡灵,0,6,no_face_no_case,True,20
206,0,2,nzoth,True,4,全局加攻亡灵,6,6,no_face_no_case,True,20
206,0,3,edwin,False,6,特塞斯买卖海盗,0,5,no_face_no_case,True,20
206,0,4,cthun,True,3,手牌培育鱼人,7,6,no_face_no_case,True,20
206,0,5,deathwing,False,7,手牌合唱鱼人,0,5,no_face_no_case,True,20
206,0,6,patchwerk,True,8,全局加攻亡灵,5,5,no_face_no_case,True,20
206,0,7,pyramad,False,1,全局加攻亡灵,0,6,no_face_no_case,True,20
206,0,8,jaraxxus,True,5,买卖成长海盗,6,6,no_face_no_case,True,20
206,1,1,alakir,True,7,跳蛙亡语野兽,3,5,no_face_no_case,True,19
206,1,2,nzoth,False,3,受伤成长野兽,0,6,no_face_no_case,True,19
206,1,3,edwin,True,8,灵活过渡,3,5,no_face_no_case,True,19
206,1,4,cthun,False,2,全局加攻亡灵,0,6,no_face_no_case,True,19
206,1,5,deathwing,True,4,空中海盗跳操,9,6,no_face_no_case,True,19
206,1,6,patchwerk,False,6,自伤成长恶魔,0,5,no_face_no_case,True,19
206,1,7,pyramad,True,1,复生永久成长亡灵,8,6,no_face_no_case,True,19
206,1,8,jaraxxus,False,5,跳蛙亡语野兽,0,6,no_face_no_case,True,19
207,0,1,yogg,True,3,跳蛙亡语野兽,9,6,instant_warband,False,19
207,0,2,george,False,1,受伤成长野兽,0,6,instant_warband,False,19
207,0,3,millificent,True,6,空中海盗跳操,2,5,instant_warband,False,19
207,0,4,kaelthas,False,2,磁力圣盾机械,0,6,instant_warband,False,19
207,0,5,deryl,True,8,买卖成长海盗,3,4,instant_warband,False,19
207,0,6,snake_eyes,False,4,受伤成长野兽,0,6,instant_warband,False,19
207,0,7,taethelan,True,7,跳蛙亡语野兽,3,5,instant_warband,False,19
207,0,8,hollidae,False,5,跳蛙亡语野兽,0,6,instant_warband,False,19
207,1,1,yogg,False,8,永久增益龙,0,5,instant_warband,False,15
207,1,2,george,True,1,手牌合唱鱼人,2,6,instant_warband,False,15
207,1,3,millificent,False,7,诈骗犯扩容海盗,0,6,instant_warband,False,15
207,1,4,kaelthas,True,6,空中海盗跳操,2,6,instant_warband,False,15
207,1,5,deryl,False,2,回合成长龙,0,6,instant_warband,False,15
207,1,6,snake_eyes,True,5,受伤成长野兽,5,6,instant_warband,False,15
207,1,7,taethelan,False,3,获牌成长海盗,0,6,instant_warband,False,15
207,1,8,hollidae,True,4,受伤成长野兽,7,6,instant_warband,False,15
208,0,1,king_laohan,False,6,喷子亡语恶魔,0,5,off,True,17
208,0,2,nozdormu,True,4,跳蛙亡语野兽,11,6,off,True,17
208,0,3,alexstrasza,False,3,吞食成长恶魔,0,6,off,True,17
208,0,4,patches,True,1,空中海盗跳操,13,6,off,True,17
208,0,5,lich_king,False,7,野兽召唤,0,5,off,True,17
208,0,6,teron,True,5,永恒骑士亡灵,8,6,off,True,17
208,0,7,rat_king,False,8,回合成长龙,0,5,off,True,17
208,0,8,wagtoggle,True,2,买卖成长海盗,3,6,off,True,17
208,1,1,king_laohan,True,8,全局加攻亡灵,3,5,off,True,20
208,1,2,nozdormu,False,4,娜拉法术混合,0,6,off,True,20
208,1,3,alexstrasza,True,7,跳蛙亡语野兽,6,6,off,True,20
208,1,4,patches,False,6,空中海盗跳操,0,6,off,True,20
208,1,5,lich_king,True,3,空中海盗跳操,8,6,off,True,20
208,1,6,teron,False,1,复生永久成长亡灵,0,6,off,True,20
208,1,7,rat_king,True,2,宰割复生亡灵,13,6,off,True,20
208,1,8,wagtoggle,False,5,全局加攻亡灵,0,6,off,True,20
209,0,1,kragg,True,4,跳蛙亡语野兽,3,6,refresh,False,19
209,0,2,gallywix,False,7,手牌培育鱼人,0,5,refresh,False,19
209,0,3,omu,True,3,全局加攻亡灵,4,6,refresh,False,19
209,0,4,guff,False,6,自伤成长恶魔,0,5,refresh,False,19
209,0,5,ragnaros,True,1,跳蛙亡语野兽,12,6,refresh,False,19
209,0,6,alakir,False,2,永久增益龙,0,6,refresh,False,19
209,0,7,nzoth,True,5,跳蛙亡语野兽,5,6,refresh,False,19
209,0,8,edwin,False,8,霍格买卖海盗,0,5,refresh,False,19
209,1,1,kragg,False,6,磁力圣盾机械,0,5,refresh,False,16
209,1,2,gallywix,True,5,全局加攻亡灵,8,6,refresh,False,16
209,1,3,omu,False,2,受伤成长野兽,0,6,refresh,False,16
209,1,4,guff,True,8,空中海盗跳操,2,5,refresh,False,16
209,1,5,ragnaros,False,1,灵活过渡,0,6,refresh,False,16
209,1,6,alakir,True,7,空中海盗跳操,5,5,refresh,False,16
209,1,7,nzoth,False,4,受伤成长野兽,0,6,refresh,False,16
209,1,8,edwin,True,3,吞食成长恶魔,4,6,refresh,False,16
210,0,1,cthun,False,3,受伤成长野兽,0,6,crowded,True,17
210,0,2,deathwing,True,4,跳蛙亡语野兽,8,6,crowded,True,17
210,0,3,patchwerk,False,8,空中海盗跳操,0,5,crowded,True,17
210,0,4,pyramad,True,5,空中海盗跳操,2,5,crowded,True,17
210,0,5,jaraxxus,False,6,磁力圣盾机械,0,5,crowded,True,17
210,0,6,yogg,True,1,宰割复生亡灵,7,6,crowded,True,17
210,0,7,george,False,7,受伤成长野兽,0,5,crowded,True,17
210,0,8,millificent,True,2,永恒骑士亡灵,8,6,crowded,True,17
210,1,1,cthun,True,1,全局加攻亡灵,13,6,crowded,True,18
210,1,2,deathwing,False,2,永久增益龙,0,6,crowded,True,18
210,1,3,patchwerk,True,5,回合成长龙,1,5,crowded,True,18
210,1,4,pyramad,False,6,全局加攻亡灵,0,5,crowded,True,18
210,1,5,jaraxxus,True,7,买卖成长海盗,3,5,crowded,True,18
210,1,6,yogg,False,8,永久增益龙,0,4,crowded,True,18
210,1,7,george,True,3,跳蛙亡语野兽,8,6,crowded,True,18
210,1,8,millificent,False,4,受伤成长野兽,0,6,crowded,True,18
211,0,1,kaelthas,True,4,跳蛙亡语野兽,2,5,seventh_reward,False,13
211,0,2,deryl,False,7,灵活过渡,0,4,seventh_reward,False,13
211,0,3,snake_eyes,True,1,霍格买卖海盗,4,6,seventh_reward,False,13
211,0,4,taethelan,False,6,永久增益龙,0,5,seventh_reward,False,13
211,0,5,hollidae,True,3,自伤成长恶魔,0,5,seventh_reward,False,13
211,0,6,king_laohan,False,5,空中海盗跳操,0,5,seventh_reward,False,13
211,0,7,nozdormu,True,8,灵活过渡,0,4,seventh_reward,False,13
211,0,8,alexstrasza,False,2,永久增益龙,0,6,seventh_reward,False,13
211,1,1,kaelthas,False,5,野兽召唤,0,5,seventh_reward,False,14
211,1,2,deryl,True,2,手牌合唱鱼人,4,6,seventh_reward,False,14
211,1,3,snake_eyes,False,6,原创法术龙,0,5,seventh_reward,False,14
211,1,4,taethelan,True,4,手牌合唱鱼人,3,6,seventh_reward,False,14
211,1,5,hollidae,False,3,灵活过渡,0,6,seventh_reward,False,14
211,1,6,king_laohan,True,1,复生永久成长亡灵,6,6,seventh_reward,False,14
211,1,7,nozdormu,False,7,野兽召唤,0,5,seventh_reward,False,14
211,1,8,alexstrasza,True,8,灵活过渡,0,4,seventh_reward,False,14
212,0,1,patches,False,2,空中海盗跳操,0,7,norgannon,True,19
212,0,2,lich_king,True,5,伊丽扎攻击海盗,6,6,norgannon,True,19
212,0,3,teron,False,6,卡雷战吼龙,0,6,norgannon,True,19
212,0,4,rat_king,True,4,空中海盗跳操,2,6,norgannon,True,19
212,0,5,wagtoggle,False,1,永久增益龙,0,7,norgannon,True,19
212,0,6,kragg,True,3,跳蛙亡语野兽,16,7,norgannon,True,19
212,0,7,gallywix,False,7,获牌成长海盗,0,5,norgannon,True,19
212,0,8,omu,True,8,全局加攻亡灵,7,5,norgannon,True,19
212,1,1,patches,True,6,空中海盗跳操,5,5,norgannon,True,17
212,1,2,lich_king,False,3,手牌培育鱼人,0,6,norgannon,True,17
212,1,3,teron,True,2,受伤成长野兽,3,7,norgannon,True,17
212,1,4,rat_king,False,7,娜拉法术混合,0,5,norgannon,True,17
212,1,5,wagtoggle,True,1,跳蛙亡语野兽,8,7,norgannon,True,17
212,1,6,kragg,False,8,永久增益龙,0,5,norgannon,True,17
212,1,7,gallywix,True,5,获牌成长海盗,7,6,norgannon,True,17
212,1,8,omu,False,4,空中海盗跳操,0,6,norgannon,True,17
213,0,1,guff,True,4,跳蛙亡语野兽,5,6,might,False,17
213,0,2,ragnaros,False,1,永久增益龙,0,6,might,False,17
213,0,3,alakir,True,8,全局加攻亡灵,0,4,might,False,17
213,0,4,nzoth,False,5,回合成长龙,0,6,might,False,17
213,0,5,edwin,True,2,永恒骑士亡灵,7,6,might,False,17
213,0,6,cthun,False,6,空中海盗跳操,0,6,might,False,17
213,0,7,deathwing,True,7,买卖成长海盗,10,5,might,False,17
213,0,8,patchwerk,False,3,诈骗犯扩容海盗,0,6,might,False,17
213,1,1,guff,False,5,野兽召唤,0,6,might,False,17
213,1,2,ragnaros,True,1,全局加攻亡灵,11,6,might,False,17
213,1,3,alakir,False,8,买卖成长海盗,0,5,might,False,17
213,1,4,nzoth,True,2,吞食成长恶魔,7,6,might,False,17
213,1,5,edwin,False,6,空中海盗跳操,0,5,might,False,17
213,1,6,cthun,True,4,跳蛙亡语野兽,9,6,might,False,17
213,1,7,deathwing,False,3,永久增益龙,0,6,might,False,17
213,1,8,patchwerk,True,7,手牌合唱鱼人,2,5,might,False,17
214,0,1,pyramad,False,3,野兽召唤,0,6,fortitude,True,18
214,0,2,jaraxxus,True,6,手牌合唱鱼人,4,6,fortitude,True,18
214,0,3,yogg,False,8,全局加攻亡灵,0,5,fortitude,True,18
214,0,4,george,True,4,磁力复制机械,8,6,fortitude,True,18
214,0,5,millificent,False,5,野兽召唤,0,6,fortitude,True,18
214,0,6,kaelthas,True,2,空中海盗跳操,4,6,fortitude,True,18
214,0,7,deryl,False,1,特塞斯买卖海盗,0,6,fortitude,True,18
214,0,8,snake_eyes,True,7,跳蛙亡语野兽,9,6,fortitude,True,18
214,1,1,pyramad,True,2,空中海盗跳操,4,6,fortitude,True,18
214,1,2,jaraxxus,False,8,特塞斯买卖海盗,0,5,fortitude,True,18
214,1,3,yogg,True,4,灵活过渡,0,6,fortitude,True,18
214,1,4,george,False,1,法术增益龙,0,6,fortitude,True,18
214,1,5,millificent,True,6,空中海盗跳操,3,6,fortitude,True,18
214,1,6,kaelthas,False,3,空中海盗跳操,0,6,fortitude,True,18
214,1,7,deryl,True,5,空中海盗跳操,13,6,fortitude,True,18
214,1,8,snake_eyes,False,7,光牙混合,0,6,fortitude,True,18
215,0,1,taethelan,True,6,跳蛙亡语野兽,8,6,grapnel,False,18
215,0,2,hollidae,False,7,光牙混合,0,5,grapnel,False,18
215,0,3,king_laohan,True,8,买卖成长海盗,5,5,grapnel,False,18
215,0,4,nozdormu,False,1,受伤成长野兽,0,6,grapnel,False,18
215,0,5,alexstrasza,True,5,全局加攻亡灵,9,6,grapnel,False,18
215,0,6,patches,False,3,空中海盗跳操,0,6,grapnel,False,18
215,0,7,lich_king,True,2,跳蛙亡语野兽,13,6,grapnel,False,18
215,0,8,teron,False,4,永久增益龙,0,6,grapnel,False,18
215,1,1,taethelan,False,6,跳蛙亡语野兽,0,5,grapnel,False,16
215,1,2,hollidae,True,7,全局加攻亡灵,13,5,grapnel,False,16
215,1,3,king_laohan,False,2,空中海盗跳操,0,6,grapnel,False,16
215,1,4,nozdormu,True,8,跳蛙亡语野兽,6,5,grapnel,False,16
215,1,5,alexstrasza,False,1,手牌培育鱼人,0,6,grapnel,False,16
215,1,6,patches,True,5,获牌成长海盗,8,5,grapnel,False,16
215,1,7,lich_king,False,4,空中海盗跳操,0,6,grapnel,False,16
215,1,8,teron,True,3,空中海盗跳操,6,6,grapnel,False,16
216,0,1,rat_king,False,3,永久增益龙,0,6,double_header,True,19
216,0,2,wagtoggle,True,5,获牌成长海盗,0,5,double_header,True,19
216,0,3,kragg,False,8,原创法术龙,0,4,double_header,True,19
216,0,4,gallywix,True,6,跳蛙亡语野兽,13,5,double_header,True,19
216,0,5,omu,False,1,永久增益龙,0,6,double_header,True,19
216,0,6,guff,True,7,跳蛙亡语野兽,10,4,double_header,True,19
216,0,7,ragnaros,False,2,永恒骑士亡灵,0,6,double_header,True,19
216,0,8,alakir,True,4,特塞斯买卖海盗,3,6,double_header,True,19
216,1,1,rat_king,True,5,空中海盗跳操,7,6,double_header,True,14
216,1,2,wagtoggle,False,7,全局加攻亡灵,0,5,double_header,True,14
216,1,3,kragg,True,8,跳蛙亡语野兽,4,4,double_header,True,14
216,1,4,gallywix,False,6,全局加攻亡灵,0,6,double_header,True,14
216,1,5,omu,True,1,复生永久成长亡灵,5,6,double_header,True,14
216,1,6,guff,False,3,空中海盗跳操,0,6,double_header,True,14
216,1,7,ragnaros,True,4,手牌合唱鱼人,2,6,double_header,True,14
216,1,8,alakir,False,2,伊丽扎攻击海盗,0,6,double_header,True,14
217,0,1,nzoth,True,4,获牌成长海盗,7,6,prudence,False,19
217,0,2,edwin,False,2,永久增益龙,0,6,prudence,False,19
217,0,3,cthun,True,1,吞食成长恶魔,13,6,prudence,False,19
217,0,4,deathwing,False,8,吞食成长恶魔,0,5,prudence,False,19
217,0,5,patchwerk,True,5,野兽召唤,15,6,prudence,False,19
217,0,6,pyramad,False,6,空中海盗跳操,0,6,prudence,False,19
217,0,7,jaraxxus,True,7,诈骗犯扩容海盗,3,6,prudence,False,19
217,0,8,yogg,False,3,吞食成长恶魔,0,6,prudence,False,19
217,1,1,nzoth,False,7,全局加攻亡灵,0,5,prudence,False,21
217,1,2,edwin,True,2,空中海盗跳操,9,6,prudence,False,21
217,1,3,cthun,False,3,永久增益龙,0,6,prudence,False,21
217,1,4,deathwing,True,1,跳蛙亡语野兽,15,6,prudence,False,21
217,1,5,patchwerk,False,8,吞食成长恶魔,0,5,prudence,False,21
217,1,6,pyramad,True,5,跳蛙亡语野兽,4,6,prudence,False,21
217,1,7,jaraxxus,False,4,受伤成长野兽,0,6,prudence,False,21
217,1,8,yogg,True,6,野兽召唤,5,5,prudence,False,21
218,0,1,george,False,4,永久增益龙,0,6,factory_line,True,19
218,0,2,millificent,True,5,全局加攻亡灵,7,6,factory_line,True,19
218,0,3,kaelthas,False,3,手牌合唱鱼人,0,6,factory_line,True,19
218,0,4,deryl,True,7,空中海盗跳操,3,5,factory_line,True,19
218,0,5,snake_eyes,False,1,手牌合唱鱼人,0,6,factory_line,True,19
218,0,6,taethelan,True,8,空中海盗跳操,2,4,factory_line,True,19
218,0,7,hollidae,False,2,回合末磁力机械,0,6,factory_line,True,19
218,0,8,king_laohan,True,6,买卖成长海盗,2,5,factory_line,True,19
218,1,1,george,True,1,受伤成长野兽,9,6,factory_line,True,16
218,1,2,millificent,False,6,永久增益龙,0,5,factory_line,True,16
218,1,3,kaelthas,True,7,特塞斯买卖海盗,4,5,factory_line,True,16
218,1,4,deryl,False,3,娜拉法术混合,0,6,factory_line,True,16
218,1,5,snake_eyes,True,2,宰割复生亡灵,13,6,factory_line,True,16
218,1,6,taethelan,False,5,永久增益龙,0,6,factory_line,True,16
218,1,7,hollidae,True,4,跳蛙亡语野兽,9,6,factory_line,True,16
218,1,8,king_laohan,False,8,霍格买卖海盗,0,4,factory_line,True,16
219,0,1,nozdormu,True,2,空中海盗跳操,10,6,no_face_no_case,False,15
219,0,2,alexstrasza,False,6,野兽召唤,0,6,no_face_no_case,False,15
219,0,3,patches,True,7,空中海盗跳操,1,5,no_face_no_case,False,15
219,0,4,lich_king,False,1,吞食成长恶魔,0,6,no_face_no_case,False,15
219,0,5,teron,True,8,跳蛙亡语野兽,2,5,no_face_no_case,False,15
219,0,6,rat_king,False,5,全局加攻亡灵,0,6,no_face_no_case,False,15
219,0,7,wagtoggle,True,4,跳蛙亡语野兽,6,6,no_face_no_case,False,15
219,0,8,kragg,False,3,自伤成长恶魔,0,6,no_face_no_case,False,15
219,1,1,nozdormu,False,1,法术增益龙,0,6,no_face_no_case,False,19
219,1,2,alexstrasza,True,2,跳蛙亡语野兽,13,6,no_face_no_case,False,19
219,1,3,patches,False,8,空中海盗跳操,0,5,no_face_no_case,False,19
219,1,4,lich_king,True,7,全局加攻亡灵,4,5,no_face_no_case,False,19
219,1,5,teron,False,5,空中海盗跳操,0,6,no_face_no_case,False,19
219,1,6,rat_king,True,4,全局加攻亡灵,8,6,no_face_no_case,False,19
219,1,7,wagtoggle,False,3,受伤成长野兽,0,6,no_face_no_case,False,19
219,1,8,kragg,True,6,空中海盗跳操,5,6,no_face_no_case,False,19
220,0,1,gallywix,False,8,光牙混合,0,5,instant_warband,True,15
220,0,2,omu,True,3,自伤成长恶魔,4,6,instant_warband,True,15
220,0,3,guff,False,1,永久增益龙,0,6,instant_warband,True,15
220,0,4,ragnaros,True,2,跳蛙亡语野兽,2,6,instant_warband,True,15
220,0,5,alakir,False,6,霍格买卖海盗,0,5,instant_warband,True,15
220,0,6,nzoth,True,7,买卖成长海盗,4,5,instant_warband,True,15
220,0,7,edwin,False,5,诈骗犯扩容海盗,0,6,instant_warband,True,15
220,0,8,cthun,True,4,买卖成长海盗,8,6,instant_warband,True,15
220,1,1,gallywix,True,7,灵活过渡,3,5,instant_warband,True,19
220,1,2,omu,False,6,吞食成长恶魔,0,5,instant_warband,True,19
220,1,3,guff,True,1,空中海盗跳操,13,6,instant_warband,True,19
220,1,4,ragnaros,False,3,光牙混合,0,6,instant_warband,True,19
220,1,5,alakir,True,8,全局加攻亡灵,1,4,instant_warband,True,19
220,1,6,nzoth,False,2,光牙混合,0,6,instant_warband,True,19
220,1,7,edwin,True,5,跳蛙亡语野兽,6,5,instant_warband,True,19
220,1,8,cthun,False,4,娜拉法术混合,0,6,instant_warband,True,19
221,0,1,deathwing,True,6,伊丽扎攻击海盗,6,6,off,False,22
221,0,2,patchwerk,False,3,受伤成长野兽,0,6,off,False,22
221,0,3,pyramad,True,8,全局加攻亡灵,2,5,off,False,22
221,0,4,jaraxxus,False,4,永久增益龙,0,6,off,False,22
221,0,5,yogg,True,2,跳蛙亡语野兽,13,6,off,False,22
221,0,6,george,False,5,娜拉法术混合,0,6,off,False,22
221,0,7,millificent,True,1,伊丽扎攻击海盗,12,6,off,False,22
221,0,8,kaelthas,False,7,喷子亡语恶魔,0,5,off,False,22
221,1,1,deathwing,False,5,受伤成长野兽,0,6,off,False,20
221,1,2,patchwerk,True,4,空中海盗跳操,5,6,off,False,20
221,1,3,pyramad,False,3,受伤成长野兽,0,6,off,False,20
221,1,4,jaraxxus,True,1,宰割复生亡灵,9,6,off,False,20
221,1,5,yogg,False,2,吞食成长恶魔,0,6,off,False,20
221,1,6,george,True,8,空中海盗跳操,2,5,off,False,20
221,1,7,millificent,False,6,娜拉法术混合,0,6,off,False,20
221,1,8,kaelthas,True,7,受伤成长野兽,10,6,off,False,20
222,0,1,deryl,False,1,空中海盗跳操,0,6,refresh,True,17
222,0,2,snake_eyes,True,6,空中海盗跳操,7,6,refresh,True,17
222,0,3,taethelan,False,8,卡雷战吼龙,0,5,refresh,True,17
222,0,4,hollidae,True,7,空中海盗跳操,1,5,refresh,True,17
222,0,5,king_laohan,False,4,永久增益龙,0,6,refresh,True,17
222,0,6,nozdormu,True,2,空中海盗跳操,9,6,refresh,True,17
222,0,7,alexstrasza,False,5,永久增益龙,0,6,refresh,True,17
222,0,8,patches,True,3,空中海盗跳操,9,6,refresh,True,17
222,1,1,deryl,True,8,诈骗犯扩容海盗,2,4,refresh,True,16
222,1,2,snake_eyes,False,1,永久增益龙,0,6,refresh,True,16
222,1,3,taethelan,True,6,跳蛙亡语野兽,5,5,refresh,True,16
222,1,4,hollidae,False,2,空中海盗跳操,0,6,refresh,True,16
222,1,5,king_laohan,True,5,永恒骑士亡灵,1,6,refresh,True,16
222,1,6,nozdormu,False,7,买卖成长海盗,0,5,refresh,True,16
222,1,7,alexstrasza,True,3,全局加攻亡灵,3,6,refresh,True,16
222,1,8,patches,False,4,空中海盗跳操,0,6,refresh,True,16
223,0,1,lich_king,True,7,买卖成长海盗,3,5,crowded,False,17
223,0,2,teron,False,6,买卖成长海盗,0,5,crowded,False,17
223,0,3,rat_king,True,3,手牌合唱鱼人,3,6,crowded,False,17
223,0,4,wagtoggle,False,5,买卖成长海盗,0,6,crowded,False,17
223,0,5,kragg,True,4,全局加攻亡灵,8,6,crowded,False,17
223,0,6,gallywix,False,2,永久增益龙,0,6,crowded,False,17
223,0,7,omu,True,8,诈骗犯扩容海盗,6,5,crowded,False,17
223,0,8,guff,False,1,磁力复制机械,0,6,crowded,False,17
223,1,1,lich_king,False,3,空中海盗跳操,0,6,crowded,False,15
223,1,2,teron,True,6,空中海盗跳操,11,6,crowded,False,15
223,1,3,rat_king,False,4,娜拉法术混合,0,6,crowded,False,15
223,1,4,wagtoggle,True,1,空中海盗跳操,8,6,crowded,False,15
223,1,5,kragg,False,8,野兽召唤,0,5,crowded,False,15
223,1,6,gallywix,True,2,受伤成长野兽,6,6,crowded,False,15
223,1,7,omu,False,7,吞食成长恶魔,0,6,crowded,False,15
223,1,8,guff,True,5,回合末磁力机械,2,6,crowded,False,15
224,0,1,ragnaros,False,5,野兽召唤,0,5,seventh_reward,True,18
224,0,2,alakir,True,7,全局加攻亡灵,4,5,seventh_reward,True,18
224,0,3,nzoth,False,3,吞食成长恶魔,0,6,seventh_reward,True,18
224,0,4,edwin,True,8,野兽召唤,3,4,seventh_reward,True,18
224,0,5,cthun,False,4,买卖成长海盗,0,6,seventh_reward,True,18
224,0,6,deathwing,True,1,小瞎眼回合末战吼,20,6,seventh_reward,True,18
224,0,7,patchwerk,False,2,手牌合唱鱼人,0,6,seventh_reward,True,18
224,0,8,pyramad,True,6,空中海盗跳操,3,5,seventh_reward,True,18
224,1,1,ragnaros,True,6,跳蛙亡语野兽,11,5,seventh_reward,True,16
224,1,2,alakir,False,4,诈骗犯扩容海盗,0,6,seventh_reward,True,16
224,1,3,nzoth,True,1,伊丽扎攻击海盗,9,6,seventh_reward,True,16
224,1,4,edwin,False,7,野兽召唤,0,5,seventh_reward,True,16
224,1,5,cthun,True,5,手牌合唱鱼人,2,6,seventh_reward,True,16
224,1,6,deathwing,False,8,永久增益龙,0,5,seventh_reward,True,16
224,1,7,patchwerk,True,3,空中海盗跳操,3,6,seventh_reward,True,16
224,1,8,pyramad,False,2,娜拉法术混合,0,6,seventh_reward,True,16
225,0,1,jaraxxus,True,8,全局加攻亡灵,2,5,norgannon,False,17
225,0,2,yogg,False,4,永久增益龙,0,6,norgannon,False,17
225,0,3,george,True,1,野兽召唤,10,7,norgannon,False,17
225,0,4,millificent,False,6,受伤成长野兽,0,5,norgannon,False,17
225,0,5,kaelthas,True,2,自伤成长恶魔,8,7,norgannon,False,17
225,0,6,deryl,False,7,获牌成长海盗,0,5,norgannon,False,17
225,0,7,snake_eyes,True,5,空中海盗跳操,2,6,norgannon,False,17
225,0,8,taethelan,False,3,受伤成长野兽,0,6,norgannon,False,17
225,1,1,jaraxxus,False,1,回合末磁力机械,0,6,norgannon,False,15
225,1,2,yogg,True,3,买卖成长海盗,6,6,norgannon,False,15
225,1,3,george,False,8,自伤成长恶魔,0,5,norgannon,False,15
225,1,4,millificent,True,4,空中海盗跳操,5,6,norgannon,False,15
225,1,5,kaelthas,False,2,空中海盗跳操,0,6,norgannon,False,15
225,1,6,deryl,True,7,诈骗犯扩容海盗,3,6,norgannon,False,15
225,1,7,snake_eyes,False,5,空中海盗跳操,0,6,norgannon,False,15
225,1,8,taethelan,True,6,跳蛙亡语野兽,7,6,norgannon,False,15
226,0,1,hollidae,False,2,空中海盗跳操,0,6,might,True,19
226,0,2,king_laohan,True,8,买卖成长海盗,2,5,might,True,19
226,0,3,nozdormu,False,4,小瞎眼回合末战吼,0,6,might,True,19
226,0,4,alexstrasza,True,3,空中海盗跳操,6,6,might,True,19
226,0,5,patches,False,7,全局加攻亡灵,0,5,might,True,19
226,0,6,lich_king,True,6,宰割复生亡灵,3,6,might,True,19
226,0,7,teron,False,5,光牙混合,0,6,might,True,19
226,0,8,rat_king,True,1,全局加攻亡灵,8,6,might,True,19
226,1,1,hollidae,True,1,喷子亡语恶魔,11,6,might,True,17
226,1,2,king_laohan,False,7,空中海盗跳操,0,5,might,True,17
226,1,3,nozdormu,True,5,全局加攻亡灵,7,6,might,True,17
226,1,4,alexstrasza,False,6,空中海盗跳操,0,6,might,True,17
226,1,5,patches,True,8,获牌成长海盗,5,4,might,True,17
226,1,6,lich_king,False,2,特塞斯买卖海盗,0,6,might,True,17
226,1,7,teron,True,4,跳蛙亡语野兽,7,6,might,True,17
226,1,8,rat_king,False,3,受伤成长野兽,0,6,might,True,17
227,0,1,wagtoggle,True,3,回合成长龙,5,6,fortitude,False,14
227,0,2,kragg,False,8,空中海盗跳操,0,5,fortitude,False,14
227,0,3,gallywix,True,7,全局加攻亡灵,1,5,fortitude,False,14
227,0,4,omu,False,4,野兽召唤,0,6,fortitude,False,14
227,0,5,guff,True,5,吞食成长恶魔,6,6,fortitude,False,14
227,0,6,ragnaros,False,1,霍格买卖海盗,0,6,fortitude,False,14
227,0,7,alakir,True,6,跳蛙亡语野兽,6,6,fortitude,False,14
227,0,8,nzoth,False,2,光牙混合,0,6,fortitude,False,14
227,1,1,wagtoggle,False,2,法术增益龙,0,6,fortitude,False,15
227,1,2,kragg,True,4,伊丽扎攻击海盗,4,5,fortitude,False,15
227,1,3,gallywix,False,7,空中海盗跳操,0,5,fortitude,False,15
227,1,4,omu,True,5,跳蛙亡语野兽,5,5,fortitude,False,15
227,1,5,guff,False,3,卡雷战吼龙,0,6,fortitude,False,15
227,1,6,ragnaros,True,1,空中海盗跳操,3,6,fortitude,False,15
227,1,7,alakir,False,8,回合成长龙,0,5,fortitude,False,15
227,1,8,nzoth,True,6,诈骗犯扩容海盗,6,5,fortitude,False,15
228,0,1,edwin,False,3,全局加攻亡灵,0,6,grapnel,True,19
228,0,2,cthun,True,5,跳蛙亡语野兽,9,6,grapnel,True,19
228,0,3,deathwing,False,7,野兽召唤,0,6,grapnel,True,19
228,0,4,patchwerk,True,1,伊丽扎攻击海盗,8,6,grapnel,True,19
228,0,5,pyramad,False,2,空中海盗跳操,0,6,grapnel,True,19
228,0,6,jaraxxus,True,8,跳蛙亡语野兽,6,5,grapnel,True,19
228,0,7,yogg,False,4,获牌成长海盗,0,6,grapnel,True,19
228,0,8,george,True,6,跳蛙亡语野兽,1,6,grapnel,True,19
228,1,1,edwin,True,6,空中海盗跳操,10,6,grapnel,True,20
228,1,2,cthun,False,5,霍格买卖海盗,0,6,grapnel,True,20
228,1,3,deathwing,True,1,手牌合唱鱼人,4,6,grapnel,True,20
228,1,4,patchwerk,False,4,永久增益龙,0,6,grapnel,True,20
228,1,5,pyramad,True,2,空中海盗跳操,10,6,grapnel,True,20
228,1,6,jaraxxus,False,3,自伤成长恶魔,0,6,grapnel,True,20
228,1,7,yogg,True,7,手牌培育鱼人,2,5,grapnel,True,20
228,1,8,george,False,8,全局加攻亡灵,0,5,grapnel,True,20
229,0,1,millificent,True,1,磁力复制机械,10,6,double_header,False,20
229,0,2,kaelthas,False,6,原创法术龙,0,5,double_header,False,20
229,0,3,deryl,True,4,空中海盗跳操,7,6,double_header,False,20
229,0,4,snake_eyes,False,2,永恒骑士亡灵,0,6,double_header,False,20
229,0,5,taethelan,True,8,跳蛙亡语野兽,6,4,double_header,False,20
229,0,6,hollidae,False,5,喷子亡语恶魔,0,6,double_header,False,20
229,0,7,king_laohan,True,7,灵活过渡,4,4,double_header,False,20
229,0,8,nozdormu,False,3,空中海盗跳操,0,6,double_header,False,20
229,1,1,millificent,False,2,自伤成长恶魔,0,6,double_header,False,12
229,1,2,kaelthas,True,5,霍格买卖海盗,3,5,double_header,False,12
229,1,3,deryl,False,3,诈骗犯扩容海盗,0,5,double_header,False,12
229,1,4,snake_eyes,True,4,野兽召唤,7,5,double_header,False,12
229,1,5,taethelan,False,8,光牙混合,0,5,double_header,False,12
229,1,6,hollidae,True,7,喷子亡语恶魔,3,5,double_header,False,12
229,1,7,king_laohan,False,6,获牌成长海盗,0,5,double_header,False,12
229,1,8,nozdormu,True,1,空中海盗跳操,3,6,double_header,False,12
230,0,1,alexstrasza,False,7,永久增益龙,0,5,prudence,True,20
230,0,2,patches,True,5,空中海盗跳操,8,6,prudence,True,20
230,0,3,lich_king,False,2,娜拉法术混合,0,6,prudence,True,20
230,0,4,teron,True,3,全局加攻亡灵,5,6,prudence,True,20
230,0,5,rat_king,False,6,法术增益龙,0,5,prudence,True,20
230,0,6,wagtoggle,True,4,跳蛙亡语野兽,5,6,prudence,True,20
230,0,7,kragg,False,8,自伤成长恶魔,0,5,prudence,True,20
230,0,8,gallywix,True,1,受伤成长野兽,8,6,prudence,True,20
230,1,1,alexstrasza,True,2,空中海盗跳操,3,6,prudence,True,15
230,1,2,patches,False,8,诈骗犯扩容海盗,0,5,prudence,True,15
230,1,3,lich_king,True,1,复生永久成长亡灵,7,6,prudence,True,15
230,1,4,teron,False,4,霍格买卖海盗,0,6,prudence,True,15
230,1,5,rat_king,True,5,买卖成长海盗,5,6,prudence,True,15
230,1,6,wagtoggle,False,3,空中海盗跳操,0,6,prudence,True,15
230,1,7,kragg,True,7,跳蛙亡语野兽,5,6,prudence,True,15
230,1,8,gallywix,False,6,受伤成长野兽,0,6,prudence,True,15
231,0,1,omu,True,1,全局加攻亡灵,7,6,factory_line,False,22
231,0,2,guff,False,8,光牙混合,0,5,factory_line,False,22
231,0,3,ragnaros,True,3,空中海盗跳操,7,6,factory_line,False,22
231,0,4,alakir,False,4,娜拉法术混合,0,6,factory_line,False,22
231,0,5,nzoth,True,5,霍格买卖海盗,10,5,factory_line,False,22
231,0,6,edwin,False,7,特塞斯买卖海盗,0,5,factory_line,False,22
231,0,7,cthun,True,2,全局加攻亡灵,12,6,factory_line,False,22
231,0,8,deathwing,False,6,跳蛙亡语野兽,0,5,factory_line,False,22
231,1,1,omu,False,6,霍格买卖海盗,0,6,factory_line,False,17
231,1,2,guff,True,1,手牌合唱鱼人,7,6,factory_line,False,17
231,1,3,ragnaros,False,2,光牙混合,0,6,factory_line,False,17
231,1,4,alakir,True,8,自伤成长恶魔,4,5,factory_line,False,17
231,1,5,nzoth,False,5,野兽召唤,0,6,factory_line,False,17
231,1,6,edwin,True,7,跳蛙亡语野兽,3,5,factory_line,False,17
231,1,7,cthun,False,4,全局加攻亡灵,0,6,factory_line,False,17
231,1,8,deathwing,True,3,诈骗犯扩容海盗,12,6,factory_line,False,17
232,0,1,patchwerk,False,8,自伤成长恶魔,0,5,no_face_no_case,True,23
232,0,2,pyramad,True,6,原创法术龙,1,6,no_face_no_case,True,23
232,0,3,jaraxxus,False,3,受伤成长野兽,0,6,no_face_no_case,True,23
232,0,4,yogg,True,4,跳蛙亡语野兽,6,6,no_face_no_case,True,23
232,0,5,george,False,5,空中海盗跳操,0,6,no_face_no_case,True,23
232,0,6,millificent,True,2,跳蛙亡语野兽,7,6,no_face_no_case,True,23
232,0,7,kaelthas,False,1,法术增益龙,0,6,no_face_no_case,True,23
232,0,8,deryl,True,7,磁力圣盾机械,3,5,no_face_no_case,True,23
232,1,1,patchwerk,True,6,跳蛙亡语野兽,9,5,no_face_no_case,True,17
232,1,2,pyramad,False,4,跳蛙亡语野兽,0,6,no_face_no_case,True,17
232,1,3,jaraxxus,True,3,诈骗犯扩容海盗,5,6,no_face_no_case,True,17
232,1,4,yogg,False,7,光牙混合,0,5,no_face_no_case,True,17
232,1,5,george,True,5,空中海盗跳操,3,6,no_face_no_case,True,17
232,1,6,millificent,False,2,永久增益龙,0,6,no_face_no_case,True,17
232,1,7,kaelthas,True,1,回合成长龙,5,6,no_face_no_case,True,17
232,1,8,deryl,False,8,空中海盗跳操,0,5,no_face_no_case,True,17
233,0,1,snake_eyes,True,7,霍格买卖海盗,5,4,instant_warband,False,16
233,0,2,taethelan,False,8,诈骗犯扩容海盗,0,4,instant_warband,False,16
233,0,3,hollidae,True,2,受伤成长野兽,7,6,instant_warband,False,16
233,0,4,king_laohan,False,5,卡雷战吼龙,0,5,instant_warband,False,16
233,0,5,nozdormu,True,1,手牌培育鱼人,3,6,instant_warband,False,16
233,0,6,alexstrasza,False,3,光牙混合,0,6,instant_warband,False,16
233,0,7,patches,True,6,霍格买卖海盗,6,5,instant_warband,False,16
233,0,8,lich_king,False,4,买卖成长海盗,0,6,instant_warband,False,16
233,1,1,snake_eyes,False,2,空中海盗跳操,0,6,instant_warband,False,24
233,1,2,taethelan,True,4,空中海盗跳操,5,6,instant_warband,False,24
233,1,3,hollidae,False,1,手牌培育鱼人,0,6,instant_warband,False,24
233,1,4,king_laohan,True,7,灵活过渡,3,5,instant_warband,False,24
233,1,5,nozdormu,False,6,手牌培育鱼人,0,5,instant_warband,False,24
233,1,6,alexstrasza,True,3,野兽召唤,3,6,instant_warband,False,24
233,1,7,patches,False,8,买卖成长海盗,0,4,instant_warband,False,24
233,1,8,lich_king,True,5,空中海盗跳操,9,5,instant_warband,False,24
234,0,1,teron,False,2,特塞斯买卖海盗,0,6,off,True,18
234,0,2,rat_king,True,4,全局加攻亡灵,4,5,off,True,18
234,0,3,wagtoggle,False,5,永久增益龙,0,5,off,True,18
234,0,4,kragg,True,3,空中海盗跳操,7,6,off,True,18
234,0,5,gallywix,False,8,灵活过渡,0,4,off,True,18
234,0,6,omu,True,6,自伤成长恶魔,2,5,off,True,18
234,0,7,guff,False,7,自伤成长恶魔,0,5,off,True,18
234,0,8,ragnaros,True,1,回合末磁力机械,5,6,off,True,18
234,1,1,teron,True,6,跳蛙亡语野兽,4,6,off,True,18
234,1,2,rat_king,False,3,原创法术龙,0,6,off,True,18
234,1,3,wagtoggle,True,1,特塞斯买卖海盗,6,6,off,True,18
234,1,4,kragg,False,5,空中海盗跳操,0,6,off,True,18
234,1,5,gallywix,True,7,霍格买卖海盗,7,6,off,True,18
234,1,6,omu,False,4,霍格买卖海盗,0,6,off,True,18
234,1,7,guff,True,8,自伤成长恶魔,4,5,off,True,18
234,1,8,ragnaros,False,2,回合成长龙,0,6,off,True,18
235,0,1,alakir,True,6,空中海盗跳操,4,6,refresh,False,19
235,0,2,nzoth,False,5,受伤成长野兽,0,6,refresh,False,19
235,0,3,edwin,True,1,全局加攻亡灵,7,6,refresh,False,19
235,0,4,cthun,False,3,手牌合唱鱼人,0,6,refresh,False,19
235,0,5,deathwing,True,8,全局加攻亡灵,2,5,refresh,False,19
235,0,6,patchwerk,False,4,娜拉法术混合,0,6,refresh,False,19
235,0,7,pyramad,True,7,跳蛙亡语野兽,8,6,refresh,False,19
235,0,8,jaraxxus,False,2,法术增益龙,0,6,refresh,False,19
235,1,1,alakir,False,6,空中海盗跳操,0,6,refresh,False,15
235,1,2,nzoth,True,2,受伤成长野兽,6,6,refresh,False,15
235,1,3,edwin,False,7,卡雷战吼龙,0,5,refresh,False,15
235,1,4,cthun,True,1,磁力复制机械,4,6,refresh,False,15
235,1,5,deathwing,False,3,自伤成长恶魔,0,6,refresh,False,15
235,1,6,patchwerk,True,4,跳蛙亡语野兽,10,6,refresh,False,15
235,1,7,pyramad,False,5,全局加攻亡灵,0,6,refresh,False,15
235,1,8,jaraxxus,True,8,永久增益龙,4,5,refresh,False,15
236,0,1,yogg,False,5,受伤成长野兽,0,6,crowded,True,18
236,0,2,george,True,8,全局加攻亡灵,3,5,crowded,True,18
236,0,3,millificent,False,4,受伤成长野兽,0,6,crowded,True,18
236,0,4,kaelthas,True,6,受伤成长野兽,7,6,crowded,True,18
236,0,5,deryl,False,3,空中海盗跳操,0,6,crowded,True,18
236,0,6,snake_eyes,True,1,伊丽扎攻击海盗,11,6,crowded,True,18
236,0,7,taethelan,False,2,永久增益龙,0,6,crowded,True,18
236,0,8,hollidae,True,7,空中海盗跳操,9,6,crowded,True,18
236,1,1,yogg,True,1,获牌成长海盗,12,6,crowded,True,18
236,1,2,george,False,8,磁力圣盾机械,0,4,crowded,True,18
236,1,3,millificent,True,4,空中海盗跳操,7,6,crowded,True,18
236,1,4,kaelthas,False,3,吞食成长恶魔,0,6,crowded,True,18
236,1,5,deryl,True,5,永久增益龙,3,6,crowded,True,18
236,1,6,snake_eyes,False,6,光牙混合,0,6,crowded,True,18
236,1,7,taethelan,True,7,永久增益龙,2,5,crowded,True,18
236,1,8,hollidae,False,2,吞食成长恶魔,0,6,crowded,True,18
237,0,1,king_laohan,True,7,自伤成长恶魔,1,3,seventh_reward,False,14
237,0,2,nozdormu,False,6,买卖成长海盗,0,4,seventh_reward,False,14
237,0,3,alexstrasza,True,1,跳蛙亡语野兽,4,6,seventh_reward,False,14
237,0,4,patches,False,5,买卖成长海盗,0,5,seventh_reward,False,14
237,0,5,lich_king,True,8,野兽召唤,0,3,seventh_reward,False,14
237,0,6,teron,False,2,受伤成长野兽,0,6,seventh_reward,False,14
237,0,7,rat_king,True,3,获牌成长海盗,4,6,seventh_reward,False,14
237,0,8,wagtoggle,False,4,跳蛙亡语野兽,0,5,seventh_reward,False,14
237,1,1,king_laohan,False,7,灵活过渡,0,4,seventh_reward,False,11
237,1,2,nozdormu,True,3,跳蛙亡语野兽,4,5,seventh_reward,False,11
237,1,3,alexstrasza,False,8,永久增益龙,0,5,seventh_reward,False,11
237,1,4,patches,True,5,空中海盗跳操,2,5,seventh_reward,False,11
237,1,5,lich_king,False,6,全局加攻亡灵,0,5,seventh_reward,False,11
237,1,6,teron,True,1,手牌合唱鱼人,1,5,seventh_reward,False,11
237,1,7,rat_king,False,4,磁力圣盾机械,0,5,seventh_reward,False,11
237,1,8,wagtoggle,True,2,全局加攻亡灵,3,5,seventh_reward,False,11
238,0,1,kragg,False,1,手牌合唱鱼人,0,7,norgannon,True,16
238,0,2,gallywix,True,2,跳蛙亡语野兽,10,7,norgannon,True,16
238,0,3,omu,False,6,灵活过渡,0,5,norgannon,True,16
238,0,4,guff,True,8,全局加攻亡灵,4,4,norgannon,True,16
238,0,5,ragnaros,False,3,全局加攻亡灵,0,6,norgannon,True,16
238,0,6,alakir,True,7,全局加攻亡灵,3,5,norgannon,True,16
238,0,7,nzoth,False,5,光牙混合,0,5,norgannon,True,16
238,0,8,edwin,True,4,永久增益龙,3,5,norgannon,True,16
238,1,1,kragg,True,6,小瞎眼回合末战吼,5,5,norgannon,True,18
238,1,2,gallywix,False,8,灵活过渡,0,4,norgannon,True,18
238,1,3,omu,True,5,跳蛙亡语野兽,5,6,norgannon,True,18
238,1,4,guff,False,4,空中海盗跳操,0,6,norgannon,True,18
238,1,5,ragnaros,True,2,空中海盗跳操,14,7,norgannon,True,18
238,1,6,alakir,False,3,空中海盗跳操,0,7,norgannon,True,18
238,1,7,nzoth,True,1,空中海盗跳操,11,7,norgannon,True,18
238,1,8,edwin,False,7,获牌成长海盗,0,5,norgannon,True,18
239,0,1,cthun,True,3,自伤成长恶魔,9,6,might,False,18
239,0,2,deathwing,False,2,磁力复制机械,0,6,might,False,18
239,0,3,patchwerk,True,5,跳蛙亡语野兽,6,6,might,False,18
239,0,4,pyramad,False,6,获牌成长海盗,0,6,might,False,18
239,0,5,jaraxxus,True,4,空中海盗跳操,8,6,might,False,18
239,0,6,yogg,False,7,全局加攻亡灵,0,5,might,False,18
239,0,7,george,True,1,空中海盗跳操,15,6,might,False,18
239,0,8,millificent,False,8,原创法术龙,0,5,might,False,18
239,1,1,cthun,False,7,娜拉法术混合,0,6,might,False,18
239,1,2,deathwing,True,2,买卖成长海盗,7,6,might,False,18
239,1,3,patchwerk,False,4,永久增益龙,0,6,might,False,18
239,1,4,pyramad,True,6,卡雷战吼龙,6,6,might,False,18
239,1,5,jaraxxus,False,5,回合成长龙,0,6,might,False,18
239,1,6,yogg,True,1,空中海盗跳操,4,6,might,False,18
239,1,7,george,False,8,灵活过渡,0,5,might,False,18
239,1,8,millificent,True,3,跳蛙亡语野兽,10,6,might,False,18
240,0,1,kaelthas,False,2,受伤成长野兽,0,6,fortitude,True,17
240,0,2,deryl,True,1,跳蛙亡语野兽,8,6,fortitude,True,17
240,0,3,snake_eyes,False,5,受伤成长野兽,0,6,fortitude,True,17
240,0,4,taethelan,True,7,空中海盗跳操,7,5,fortitude,True,17
240,0,5,hollidae,False,6,永久增益龙,0,6,fortitude,True,17
240,0,6,king_laohan,True,8,灵活过渡,0,5,fortitude,True,17
240,0,7,nozdormu,False,4,全局加攻亡灵,0,6,fortitude,True,17
240,0,8,alexstrasza,True,3,霍格买卖海盗,3,6,fortitude,True,17
240,1,1,kaelthas,True,7,跳蛙亡语野兽,1,5,fortitude,True,17
240,1,2,deryl,False,1,空中海盗跳操,0,6,fortitude,True,17
240,1,3,snake_eyes,True,2,跳蛙亡语野兽,6,6,fortitude,True,17
240,1,4,taethelan,False,8,野兽召唤,0,5,fortitude,True,17
240,1,5,hollidae,True,5,跳蛙亡语野兽,6,6,fortitude,True,17
240,1,6,king_laohan,False,6,光牙混合,0,6,fortitude,True,17
240,1,7,nozdormu,True,3,伊丽扎攻击海盗,6,6,fortitude,True,17
240,1,8,alexstrasza,False,4,娜拉法术混合,0,6,fortitude,True,17
241,0,1,patches,True,8,空中海盗跳操,3,4,grapnel,False,17
241,0,2,lich_king,False,5,受伤成长野兽,0,6,grapnel,False,17
241,0,3,teron,True,7,空中海盗跳操,6,5,grapnel,False,17
241,0,4,rat_king,False,1,法术增益龙,0,6,grapnel,False,17
241,0,5,wagtoggle,True,4,跳蛙亡语野兽,9,6,grapnel,False,17
241,0,6,kragg,False,2,霍格买卖海盗,0,6,grapnel,False,17
241,0,7,gallywix,True,3,空中海盗跳操,20,6,grapnel,False,17
241,0,8,omu,False,6,特塞斯买卖海盗,0,6,grapnel,False,17
241,1,1,patches,False,8,买卖成长海盗,0,4,grapnel,False,16
241,1,2,lich_king,True,7,跳蛙亡语野兽,8,5,grapnel,False,16
241,1,3,teron,False,3,霍格买卖海盗,0,6,grapnel,False,16
241,1,4,rat_king,True,6,空中海盗跳操,3,6,grapnel,False,16
241,1,5,wagtoggle,False,5,空中海盗跳操,0,6,grapnel,False,16
241,1,6,kragg,True,1,吞食成长恶魔,6,6,grapnel,False,16
241,1,7,gallywix,False,2,受伤成长野兽,0,6,grapnel,False,16
241,1,8,omu,True,4,诈骗犯扩容海盗,5,6,grapnel,False,16
242,0,1,guff,False,8,野兽召唤,0,4,double_header,True,18
242,0,2,ragnaros,True,1,宰割复生亡灵,11,6,double_header,True,18
242,0,3,alakir,False,2,空中海盗跳操,0,6,double_header,True,18
242,0,4,nzoth,True,6,诈骗犯扩容海盗,5,6,double_header,True,18
242,0,5,edwin,False,3,空中海盗跳操,0,6,double_header,True,18
242,0,6,cthun,True,4,跳蛙亡语野兽,3,6,double_header,True,18
242,0,7,deathwing,False,5,吞食成长恶魔,0,6,double_header,True,18
242,0,8,patchwerk,True,7,全局加攻亡灵,2,6,double_header,True,18
242,1,1,guff,True,8,买卖成长海盗,2,5,double_header,True,20
242,1,2,ragnaros,False,3,复生永久成长亡灵,0,6,double_header,True,20
242,1,3,alakir,True,1,跳蛙亡语野兽,6,6,double_header,True,20
242,1,4,nzoth,False,4,受伤成长野兽,0,6,double_header,True,20
242,1,5,edwin,True,6,受伤成长野兽,5,5,double_header,True,20
242,1,6,cthun,False,2,手牌合唱鱼人,0,6,double_header,True,20
242,1,7,deathwing,True,5,空中海盗跳操,8,5,double_header,True,20
242,1,8,patchwerk,False,7,全局加攻亡灵,0,5,double_header,True,20
243,0,1,pyramad,True,7,原创法术龙,5,5,prudence,False,15
243,0,2,jaraxxus,False,8,买卖成长海盗,0,5,prudence,False,15
243,0,3,yogg,True,1,复生永久成长亡灵,6,6,prudence,False,15
243,0,4,george,False,2,受伤成长野兽,0,6,prudence,False,15
243,0,5,millificent,True,5,跳蛙亡语野兽,2,6,prudence,False,15
243,0,6,kaelthas,False,3,光牙混合,0,6,prudence,False,15
243,0,7,deryl,True,6,全局加攻亡灵,7,5,prudence,False,15
243,0,8,snake_eyes,False,4,空中海盗跳操,0,6,prudence,False,15
243,1,1,pyramad,False,6,空中海盗跳操,0,6,prudence,False,18
243,1,2,jaraxxus,True,8,买卖成长海盗,3,5,prudence,False,18
243,1,3,yogg,False,2,空中海盗跳操,0,6,prudence,False,18
243,1,4,george,True,1,永久增益龙,7,6,prudence,False,18
243,1,5,millificent,False,4,原创法术龙,0,6,prudence,False,18
243,1,6,kaelthas,True,3,霍格买卖海盗,11,6,prudence,False,18
243,1,7,deryl,False,7,全局加攻亡灵,0,6,prudence,False,18
243,1,8,snake_eyes,True,5,全局加攻亡灵,6,6,prudence,False,18
244,0,1,taethelan,False,3,法术增益龙,0,6,factory_line,True,16
244,0,2,hollidae,True,1,全局加攻亡灵,8,6,factory_line,True,16
244,0,3,king_laohan,False,5,法术增益龙,0,5,factory_line,True,16
244,0,4,nozdormu,True,8,磁力圣盾机械,2,5,factory_line,True,16
244,0,5,alexstrasza,False,4,法术增益龙,0,6,factory_line,True,16
244,0,6,patches,True,7,诈骗犯扩容海盗,7,5,factory_line,True,16
244,0,7,lich_king,False,6,全局加攻亡灵,0,5,factory_line,True,16
244,0,8,teron,True,2,跳蛙亡语野兽,6,6,factory_line,True,16
244,1,1,taethelan,True,6,复生永久成长亡灵,2,6,factory_line,True,18
244,1,2,hollidae,False,3,宰割复生亡灵,0,6,factory_line,True,18
244,1,3,king_laohan,True,2,手牌合唱鱼人,3,6,factory_line,True,18
244,1,4,nozdormu,False,4,复生永久成长亡灵,0,6,factory_line,True,18
244,1,5,alexstrasza,True,5,跳蛙亡语野兽,4,6,factory_line,True,18
244,1,6,patches,False,8,空中海盗跳操,0,5,factory_line,True,18
244,1,7,lich_king,True,1,跳蛙亡语野兽,13,6,factory_line,True,18
244,1,8,teron,False,7,光牙混合,0,5,factory_line,True,18
245,0,1,rat_king,True,3,诈骗犯扩容海盗,3,6,no_face_no_case,False,19
245,0,2,wagtoggle,False,1,娜拉法术混合,0,6,no_face_no_case,False,19
245,0,3,kragg,True,6,全局加攻亡灵,3,5,no_face_no_case,False,19
245,0,4,gallywix,False,4,受伤成长野兽,0,6,no_face_no_case,False,19
245,0,5,omu,True,5,手牌合唱鱼人,3,6,no_face_no_case,False,19
245,0,6,guff,False,8,跳蛙亡语野兽,0,5,no_face_no_case,False,19
245,0,7,ragnaros,True,2,磁力复制机械,6,6,no_face_no_case,False,19
245,0,8,alakir,False,7,全局加攻亡灵,0,5,no_face_no_case,False,19
245,1,1,rat_king,False,3,特塞斯买卖海盗,0,6,no_face_no_case,False,19
245,1,2,wagtoggle,True,2,永久增益龙,8,6,no_face_no_case,False,19
245,1,3,kragg,False,7,获牌成长海盗,0,5,no_face_no_case,False,19
245,1,4,gallywix,True,8,诈骗犯扩容海盗,2,5,no_face_no_case,False,19
245,1,5,omu,False,6,买卖成长海盗,0,5,no_face_no_case,False,19
245,1,6,guff,True,5,空中海盗跳操,6,5,no_face_no_case,False,19
245,1,7,ragnaros,False,1,法术增益龙,0,6,no_face_no_case,False,19
245,1,8,alakir,True,4,手牌合唱鱼人,1,5,no_face_no_case,False,19
246,0,1,nzoth,False,2,空中海盗跳操,0,6,instant_warband,True,19
246,0,2,edwin,True,1,伊丽扎攻击海盗,6,6,instant_warband,True,19
246,0,3,cthun,False,7,受伤成长野兽,0,5,instant_warband,True,19
246,0,4,deathwing,True,4,跳蛙亡语野兽,10,6,instant_warband,True,19
246,0,5,patchwerk,False,6,受伤成长野兽,0,6,instant_warband,True,19
246,0,6,pyramad,True,8,空中海盗跳操,5,5,instant_warband,True,19
246,0,7,jaraxxus,False,5,永久增益龙,0,6,instant_warband,True,19
246,0,8,yogg,True,3,跳蛙亡语野兽,12,6,instant_warband,True,19
246,1,1,nzoth,True,8,诈骗犯扩容海盗,6,5,instant_warband,True,21
246,1,2,edwin,False,6,娜拉法术混合,0,5,instant_warband,True,21
246,1,3,cthun,True,5,买卖成长海盗,11,6,instant_warband,True,21
246,1,4,deathwing,False,3,磁力圣盾机械,0,6,instant_warband,True,21
246,1,5,patchwerk,True,1,跳蛙亡语野兽,9,6,instant_warband,True,21
246,1,6,pyramad,False,7,全局加攻亡灵,0,5,instant_warband,True,21
246,1,7,jaraxxus,True,4,跳蛙亡语野兽,13,6,instant_warband,True,21
246,1,8,yogg,False,2,全局加攻亡灵,0,6,instant_warband,True,21
247,0,1,george,True,7,跳蛙亡语野兽,5,6,off,False,16
247,0,2,millificent,False,4,全局加攻亡灵,0,6,off,False,16
247,0,3,kaelthas,True,3,空中海盗跳操,6,6,off,False,16
247,0,4,deryl,False,5,霍格买卖海盗,0,6,off,False,16
247,0,5,snake_eyes,True,1,回合末磁力机械,5,6,off,False,16
247,0,6,taethelan,False,8,永久增益龙,0,5,off,False,16
247,0,7,hollidae,True,2,手牌合唱鱼人,1,6,off,False,16
247,0,8,king_laohan,False,6,卡雷战吼龙,0,6,off,False,16
247,1,1,george,False,5,光牙混合,0,6,off,False,16
247,1,2,millificent,True,1,磁力复制机械,9,6,off,False,16
247,1,3,kaelthas,False,6,跳蛙亡语野兽,0,5,off,False,16
247,1,4,deryl,True,8,买卖成长海盗,1,4,off,False,16
247,1,5,snake_eyes,False,3,吞食成长恶魔,0,6,off,False,16
247,1,6,taethelan,True,2,买卖成长海盗,4,6,off,False,16
247,1,7,hollidae,False,4,手牌培育鱼人,0,6,off,False,16
247,1,8,king_laohan,True,7,霍格买卖海盗,1,5,off,False,16
248,0,1,nozdormu,False,8,自伤成长恶魔,0,4,refresh,True,19
248,0,2,alexstrasza,True,2,永久增益龙,15,6,refresh,True,19
248,0,3,patches,False,6,光牙混合,0,6,refresh,True,19
248,0,4,lich_king,True,4,霍格买卖海盗,4,6,refresh,True,19
248,0,5,teron,False,7,跳蛙亡语野兽,0,6,refresh,True,19
248,0,6,rat_king,True,5,自伤成长恶魔,7,6,refresh,True,19
248,0,7,wagtoggle,False,1,受伤成长野兽,0,6,refresh,True,19
248,0,8,kragg,True,3,伊丽扎攻击海盗,8,6,refresh,True,19
248,1,1,nozdormu,True,7,灵活过渡,1,5,refresh,True,22
248,1,2,alexstrasza,False,6,野兽召唤,0,6,refresh,True,22
248,1,3,patches,True,3,空中海盗跳操,3,6,refresh,True,22
248,1,4,lich_king,False,1,永久增益龙,0,6,refresh,True,22
248,1,5,teron,True,2,跳蛙亡语野兽,7,6,refresh,True,22
248,1,6,rat_king,False,5,买卖成长海盗,0,6,refresh,True,22
248,1,7,wagtoggle,True,4,小瞎眼回合末战吼,14,6,refresh,True,22
248,1,8,kragg,False,8,全局加攻亡灵,0,5,refresh,True,22
249,0,1,gallywix,True,8,跳蛙亡语野兽,1,5,crowded,False,16
249,0,2,omu,False,4,空中海盗跳操,0,6,crowded,False,16
249,0,3,guff,True,3,特塞斯买卖海盗,9,6,crowded,False,16
249,0,4,ragnaros,False,1,永久增益龙,0,6,crowded,False,16
249,0,5,alakir,True,7,灵活过渡,1,5,crowded,False,16
249,0,6,nzoth,False,5,光牙混合,0,6,crowded,False,16
249,0,7,edwin,True,6,全局加攻亡灵,2,6,crowded,False,16
249,0,8,cthun,False,2,卡雷战吼龙,0,6,crowded,False,16
249,1,1,gallywix,False,8,回合成长龙,0,5,crowded,False,17
249,1,2,omu,True,3,空中海盗跳操,8,6,crowded,False,17
249,1,3,guff,False,7,喷子亡语恶魔,0,5,crowded,False,17
249,1,4,ragnaros,True,2,空中海盗跳操,5,6,crowded,False,17
249,1,5,alakir,False,4,永久增益龙,0,6,crowded,False,17
249,1,6,nzoth,True,5,全局加攻亡灵,3,6,crowded,False,17
249,1,7,edwin,False,6,野兽召唤,0,6,crowded,False,17
249,1,8,cthun,True,1,复生永久成长亡灵,13,6,crowded,False,17
250,0,1,deathwing,False,3,灵活过渡,0,6,seventh_reward,True,14
250,0,2,patchwerk,True,8,灵活过渡,0,4,seventh_reward,True,14
250,0,3,pyramad,False,7,永久增益龙,0,4,seventh_reward,True,14
250,0,4,jaraxxus,True,4,灵活过渡,1,5,seventh_reward,True,14
250,0,5,yogg,False,5,野兽召唤,0,5,seventh_reward,True,14
250,0,6,george,True,1,受伤成长野兽,9,6,seventh_reward,True,14
250,0,7,millificent,False,6,跳蛙亡语野兽,0,5,seventh_reward,True,14
250,0,8,kaelthas,True,2,吞食成长恶魔,4,6,seventh_reward,True,14
250,1,1,deathwing,True,4,灵活过渡,1,5,seventh_reward,True,16
250,1,2,patchwerk,False,7,光牙混合,0,4,seventh_reward,True,16
250,1,3,pyramad,True,1,自伤成长恶魔,6,6,seventh_reward,True,16
250,1,4,jaraxxus,False,8,灵活过渡,0,4,seventh_reward,True,16
250,1,5,yogg,True,6,喷子亡语恶魔,3,5,seventh_reward,True,16
250,1,6,george,False,3,受伤成长野兽,0,6,seventh_reward,True,16
250,1,7,millificent,True,2,野兽召唤,8,6,seventh_reward,True,16
250,1,8,kaelthas,False,5,诈骗犯扩容海盗,0,5,seventh_reward,True,16
251,0,1,deryl,True,6,磁力圣盾机械,5,6,norgannon,False,17
251,0,2,snake_eyes,False,7,跳蛙亡语野兽,0,5,norgannon,False,17
251,0,3,taethelan,True,4,伊丽扎攻击海盗,7,6,norgannon,False,17
251,0,4,hollidae,False,3,诈骗犯扩容海盗,0,6,norgannon,False,17
251,0,5,king_laohan,True,8,自伤成长恶魔,0,5,norgannon,False,17
251,0,6,nozdormu,False,1,永久增益龙,0,7,norgannon,False,17
251,0,7,alexstrasza,True,5,跳蛙亡语野兽,9,6,norgannon,False,17
251,0,8,patches,False,2,空中海盗跳操,0,7,norgannon,False,17
251,1,1,deryl,False,3,吞食成长恶魔,0,7,norgannon,False,17
251,1,2,snake_eyes,True,6,买卖成长海盗,4,6,norgannon,False,17
251,1,3,taethelan,False,8,跳蛙亡语野兽,0,5,norgannon,False,17
251,1,4,hollidae,True,5,全局加攻亡灵,1,7,norgannon,False,17
251,1,5,king_laohan,False,4,法术增益龙,0,6,norgannon,False,17
251,1,6,nozdormu,True,1,宰割复生亡灵,7,7,norgannon,False,17
251,1,7,alexstrasza,False,2,小瞎眼回合末战吼,0,7,norgannon,False,17
251,1,8,patches,True,7,买卖成长海盗,2,5,norgannon,False,17
252,0,1,lich_king,False,3,空中海盗跳操,0,6,might,True,21
252,0,2,teron,True,7,手牌合唱鱼人,0,6,might,True,21
252,0,3,rat_king,False,4,宰割复生亡灵,0,6,might,True,21
252,0,4,wagtoggle,True,1,跳蛙亡语野兽,11,6,might,True,21
252,0,5,kragg,False,5,卡雷战吼龙,0,6,might,True,21
252,0,6,gallywix,True,6,跳蛙亡语野兽,8,6,might,True,21
252,0,7,omu,False,2,娜拉法术混合,0,6,might,True,21
252,0,8,guff,True,8,灵活过渡,3,5,might,True,21
252,1,1,lich_king,True,3,买卖成长海盗,3,6,might,True,17
252,1,2,teron,False,8,永久增益龙,0,4,might,True,17
252,1,3,rat_king,True,2,宰割复生亡灵,6,6,might,True,17
252,1,4,wagtoggle,False,7,诈骗犯扩容海盗,0,5,might,True,17
252,1,5,kragg,True,5,磁力复制机械,3,6,might,True,17
252,1,6,gallywix,False,6,光牙混合,0,6,might,True,17
252,1,7,omu,True,1,空中海盗跳操,10,6,might,True,17
252,1,8,guff,False,4,永久增益龙,0,5,might,True,17
253,0,1,ragnaros,True,1,特塞斯买卖海盗,5,6,fortitude,False,18
253,0,2,alakir,False,7,永久增益龙,0,5,fortitude,False,18
253,0,3,nzoth,True,8,跳蛙亡语野兽,2,5,fortitude,False,18
253,0,4,edwin,False,3,法术增益龙,0,6,fortitude,False,18
253,0,5,cthun,True,2,跳蛙亡语野兽,9,6,fortitude,False,18
253,0,6,deathwing,False,4,娜拉法术混合,0,6,fortitude,False,18
253,0,7,patchwerk,True,6,空中海盗跳操,1,5,fortitude,False,18
253,0,8,pyramad,False,5,小瞎眼回合末战吼,0,6,fortitude,False,18
253,1,1,ragnaros,False,2,吞食成长恶魔,0,6,fortitude,False,22
253,1,2,alakir,True,4,受伤成长野兽,9,6,fortitude,False,22
253,1,3,nzoth,False,6,光牙混合,0,6,fortitude,False,22
253,1,4,edwin,True,7,跳蛙亡语野兽,5,6,fortitude,False,22
253,1,5,cthun,False,3,受伤成长野兽,0,6,fortitude,False,22
253,1,6,deathwing,True,5,跳蛙亡语野兽,5,6,fortitude,False,22
253,1,7,patchwerk,False,1,娜拉法术混合,0,6,fortitude,False,22
253,1,8,pyramad,True,8,伊丽扎攻击海盗,3,5,fortitude,False,22
254,0,1,jaraxxus,False,7,回合成长龙,0,5,grapnel,True,16
254,0,2,yogg,True,5,空中海盗跳操,11,6,grapnel,True,16
254,0,3,george,False,1,手牌合唱鱼人,0,6,grapnel,True,16
254,0,4,millificent,True,2,伊丽扎攻击海盗,14,6,grapnel,True,16
254,0,5,kaelthas,False,4,吞食成长恶魔,0,6,grapnel,True,16
254,0,6,deryl,True,6,跳蛙亡语野兽,6,5,grapnel,True,16
254,0,7,snake_eyes,False,3,空中海盗跳操,0,6,grapnel,True,16
254,0,8,taethelan,True,8,全局加攻亡灵,9,4,grapnel,True,16
254,1,1,jaraxxus,True,5,空中海盗跳操,8,6,grapnel,True,27
254,1,2,yogg,False,2,法术增益龙,0,6,grapnel,True,27
254,1,3,george,True,8,跳蛙亡语野兽,5,4,grapnel,True,27
254,1,4,millificent,False,4,受伤成长野兽,0,6,grapnel,True,27
254,1,5,kaelthas,True,7,诈骗犯扩容海盗,5,5,grapnel,True,27
254,1,6,deryl,False,1,法术增益龙,0,6,grapnel,True,27
254,1,7,snake_eyes,True,6,全局加攻亡灵,9,5,grapnel,True,27
254,1,8,taethelan,False,3,手牌合唱鱼人,0,6,grapnel,True,27
255,0,1,hollidae,True,5,回合成长龙,3,6,double_header,False,20
255,0,2,king_laohan,False,8,全局加攻亡灵,0,4,double_header,False,20
255,0,3,nozdormu,True,1,宰割复生亡灵,17,6,double_header,False,20
255,0,4,alexstrasza,False,4,伊丽扎攻击海盗,0,6,double_header,False,20
255,0,5,patches,True,7,灵活过渡,5,4,double_header,False,20
255,0,6,lich_king,False,2,法术增益龙,0,6,double_header,False,20
255,0,7,teron,True,6,跳蛙亡语野兽,4,5,double_header,False,20
255,0,8,rat_king,False,3,法术增益龙,0,6,double_header,False,20
255,1,1,hollidae,False,1,手牌培育鱼人,0,6,double_header,False,16
255,1,2,king_laohan,True,7,全局加攻亡灵,5,5,double_header,False,16
255,1,3,nozdormu,False,5,空中海盗跳操,0,6,double_header,False,16
255,1,4,alexstrasza,True,4,全局加攻亡灵,0,6,double_header,False,16
255,1,5,patches,False,8,买卖成长海盗,0,4,double_header,False,16
255,1,6,lich_king,True,6,全局加攻亡灵,2,5,double_header,False,16
255,1,7,teron,False,2,受伤成长野兽,0,6,double_header,False,16
255,1,8,rat_king,True,3,买卖成长海盗,15,6,double_header,False,16
